thumb,youtube,title,episode,transcript
https://lexfridman.com/files/thumbs_ai_podcast/cenk_uygur.png,https://www.youtube.com/watch?v=QJtPROVsePk,"Trump vs Harris, Progressive Politics, Communism & Capitalism",https://lexfridman.com/cenk-uygur,https://lexfridman.com/cenk-uygur-transcript
https://lexfridman.com/files/thumbs_ai_podcast/pieter_levels.png,https://www.youtube.com/watch?v=oFtjKbXKqbg,"Programming, Viral AI Startups, and Digital Nomad Life",https://lexfridman.com/pieter-levels,https://lexfridman.com/pieter-levels-transcript
https://lexfridman.com/files/thumbs_ai_podcast/craig_jones_2.png,https://www.youtube.com/watch?v=J7aiEwp1x9k,"Jiu Jitsu, $2 Million Prize, CJI, ADCC, Ukraine & Trolling",https://lexfridman.com/craig-jones-2,https://lexfridman.com/craig-jones-2-transcript
https://lexfridman.com/files/thumbs_ai_podcast/elon_musk_and_neuralink_team.png,https://www.youtube.com/watch?v=Kbk9BiPhm7o,Neuralink and the Future of Humanity,https://lexfridman.com/elon-musk-and-neuralink-team,https://lexfridman.com/elon-musk-and-neuralink-team-transcript
https://lexfridman.com/files/thumbs_ai_podcast/jordan_jonas.png,https://www.youtube.com/watch?v=WA9gVKKPsBo,"Survival, Hunting, Siberia, God, and Winning Alone Season 6",https://lexfridman.com/jordan-jonas,https://lexfridman.com/jordan-jonas-transcript
https://lexfridman.com/files/thumbs_ai_podcast/ivanka_trump.png,https://www.youtube.com/watch?v=2oxdDKHdcM8,"Politics, Family, Real Estate, Fashion, Music, and Life",https://lexfridman.com/ivanka-trump,https://lexfridman.com/ivanka-trump-transcript
https://lexfridman.com/files/thumbs_ai_podcast/andrew_huberman_5.png,https://www.youtube.com/watch?v=ZIyB9e_7a4c,"Focus, Controversy, Politics, and Relationships",https://lexfridman.com/andrew-huberman-5,https://lexfridman.com/andrew-huberman-5-transcript
https://lexfridman.com/files/thumbs_ai_podcast/aravind_srinivas.png,https://www.youtube.com/watch?v=e-gwvmhyU7A,"Perplexity CEO on Future of AI, Search & the Internet",https://lexfridman.com/aravind-srinivas,https://lexfridman.com/aravind-srinivas-transcript
https://lexfridman.com/files/thumbs_ai_podcast/sara_walker_3.png,https://www.youtube.com/watch?v=wwhTfyX9J34,"Physics of Life, Time, Complexity, and Aliens",https://lexfridman.com/sara-walker-3,https://lexfridman.com/sara-walker-3-transcript
https://lexfridman.com/files/thumbs_ai_podcast/kevin_spacey.png,https://www.youtube.com/watch?v=XJTMQtE-MIo,"Power, Controversy, Betrayal, Truth & Love in Film and Life",https://lexfridman.com/kevin-spacey,https://lexfridman.com/kevin-spacey-transcript
https://lexfridman.com/files/thumbs_ai_podcast/roman_yampolskiy.png,https://www.youtube.com/watch?v=NNr6gPelJ3E,Dangers of Superintelligent AI,https://lexfridman.com/roman-yampolskiy,https://lexfridman.com/roman-yampolskiy-transcript
https://lexfridman.com/files/thumbs_ai_podcast/charan_ranganath.png,https://www.youtube.com/watch?v=4iuepdI3wCU,"Human Memory, Imagination, Deja Vu, and False Memories",https://lexfridman.com/charan-ranganath,https://lexfridman.com/charan-ranganath-transcript
https://lexfridman.com/files/thumbs_ai_podcast/paul_rosolie_2.png,https://www.youtube.com/watch?v=pwN8u6HFH8U,"Jungle, Apex Predators, Aliens, Uncontacted Tribes, and God",https://lexfridman.com/paul-rosolie-2,https://lexfridman.com/paul-rosolie-2-transcript
https://lexfridman.com/files/thumbs_ai_podcast/sean_carroll_3.png,https://www.youtube.com/watch?v=tdv7r2JSokI,"General Relativity, Quantum Mechanics, Black Holes & Aliens",https://lexfridman.com/sean-carroll-3,https://lexfridman.com/sean-carroll-3-transcript
https://lexfridman.com/files/thumbs_ai_podcast/neil_adams.png,https://www.youtube.com/watch?v=TXabC2Ave74,"Judo, Olympics, Winning, Losing, and the Champion Mindset",https://lexfridman.com/neil-adams,https://lexfridman.com/neil-adams-transcript
https://lexfridman.com/files/thumbs_ai_podcast/edward_gibson.png,https://www.youtube.com/watch?v=F3Jd9GI6XqE,"Human Language, Psycholinguistics, Syntax, Grammar & LLMs",https://lexfridman.com/edward-gibson,https://lexfridman.com/edward-gibson-transcript
https://lexfridman.com/files/thumbs_ai_podcast/andrew_callaghan.png,https://www.youtube.com/watch?v=yEou104m_P0,"Channel 5, Gonzo, QAnon, O-Block, Politics & Alex Jones",https://lexfridman.com/andrew-callaghan,https://lexfridman.com/andrew-callaghan-transcript
https://lexfridman.com/files/thumbs_ai_podcast/bassem_youssef.png,https://www.youtube.com/watch?v=sG8u6owzad4,"Israel-Palestine, Gaza, Hamas, Middle East, Satire & Fame",https://lexfridman.com/bassem-youssef,https://lexfridman.com/bassem-youssef-transcript
https://lexfridman.com/files/thumbs_ai_podcast/tulsi_gabbard.png,https://www.youtube.com/watch?v=_El9riy9Zjw,"War, Politics, and the Military Industrial Complex",https://lexfridman.com/tulsi-gabbard,https://lexfridman.com/tulsi-gabbard-transcript
https://lexfridman.com/files/thumbs_ai_podcast/mark_cuban.png,https://www.youtube.com/watch?v=0cn3VBjfN8g,"Shark Tank, DEI & Wokeism Debate, Elon Musk, Politics & Drugs",https://lexfridman.com/mark-cuban,https://lexfridman.com/mark-cuban-transcript
https://lexfridman.com/files/thumbs_ai_podcast/dana_white.png,https://www.youtube.com/watch?v=k7aQEqDbuf8,"UFC, Fighting, Khabib, Conor, Tyson, Ali, Rogan, Elon & Zuck",https://lexfridman.com/dana-white,https://lexfridman.com/dana-white-transcript
https://lexfridman.com/files/thumbs_ai_podcast/annie_jacobsen.png,https://www.youtube.com/watch?v=GXgGR8KxFao,"Nuclear War, CIA, KGB, Aliens, Area 51, Roswell & Secrecy",https://lexfridman.com/annie-jacobsen,https://lexfridman.com/annie-jacobsen-transcript
https://lexfridman.com/files/thumbs_ai_podcast/sam_altman_2.png,https://www.youtube.com/watch?v=jvqFAi7vkBc,"OpenAI, GPT-5, Sora, Board Saga, Elon Musk, Ilya, Power & AGI",https://lexfridman.com/sam-altman-2,https://lexfridman.com/sam-altman-2-transcript
https://lexfridman.com/files/thumbs_ai_podcast/israel_palestine_debate.png,https://www.youtube.com/watch?v=1X_KdkoGxSs,"Finkelstein, Destiny, M. Rabbani & Benny Morris",https://lexfridman.com/israel-palestine-debate,https://lexfridman.com/israel-palestine-debate-transcript
https://lexfridman.com/files/thumbs_ai_podcast/kimbal_musk.png,https://www.youtube.com/watch?v=iAlwZyRUOVM,"The Art of Cooking, Tesla, SpaceX, Zip2, and Family",https://lexfridman.com/kimbal-musk,https://lexfridman.com/kimbal-musk-transcript
https://lexfridman.com/files/thumbs_ai_podcast/yann_lecun_3.png,https://www.youtube.com/watch?v=5t1vTLU7s40,"Meta AI, Open Source, Limits of LLMs, AGI & the Future of AI",https://lexfridman.com/yann-lecun-3,https://lexfridman.com/yann-lecun-3-transcript
https://lexfridman.com/files/thumbs_ai_podcast/serhii_plokhy.png,https://www.youtube.com/watch?v=qa-wl8_wpZA,"History of Ukraine, Russia, Soviet Union, KGB, Nazis & War",https://lexfridman.com/serhii-plokhy,https://lexfridman.com/serhii-plokhy-transcript
https://lexfridman.com/files/thumbs_ai_podcast/tucker_carlson.png,https://www.youtube.com/watch?v=f_lRdkH_QoY,"Putin, Navalny, Trump, CIA, NSA, War, Politics & Freedom",https://lexfridman.com/tucker-carlson,https://lexfridman.com/tucker-carlson-transcript
https://lexfridman.com/files/thumbs_ai_podcast/bill_ackman.png,https://www.youtube.com/watch?v=PgGKhsWhUu8,"Investing, Financial Battles, Harvard, DEI, X & Free Speech",https://lexfridman.com/bill-ackman,https://lexfridman.com/bill-ackman-transcript
https://lexfridman.com/files/thumbs_ai_podcast/marc_raibert.png,https://www.youtube.com/watch?v=5VnbBCm_ZyQ,Boston Dynamics and the Future of Robotics,https://lexfridman.com/marc-raibert,https://lexfridman.com/marc-raibert-transcript
https://lexfridman.com/files/thumbs_ai_podcast/omar_suleiman_2.png,https://www.youtube.com/watch?v=oFSyNdQf5uk,"Palestine, Gaza, Oct 7, Israel, Resistance, Faith & Islam",https://lexfridman.com/omar-suleiman-2,https://lexfridman.com/omar-suleiman-2-transcript
https://lexfridman.com/files/thumbs_ai_podcast/ben_shapiro_destiny_debate.png,https://www.youtube.com/watch?v=tYrdMjVXyNg,"Politics, Jan 6, Israel, Ukraine & Wokeism",https://lexfridman.com/ben-shapiro-destiny-debate,https://lexfridman.com/ben-shapiro-destiny-debate-transcript
https://lexfridman.com/files/thumbs_ai_podcast/matthew_cox.png,https://www.youtube.com/watch?v=zMYvGf7BA9o,FBI Most Wanted Con Man - $55 Million in Bank Fraud,https://lexfridman.com/matthew-cox,https://lexfridman.com/matthew-cox-transcript
https://lexfridman.com/files/thumbs_ai_podcast/tal_wilkenfeld.png,https://www.youtube.com/watch?v=9qfwPv7clEw,"Music, Guitar, Bass, Jeff Beck, Prince, and Leonard Cohen",https://lexfridman.com/tal-wilkenfeld,https://lexfridman.com/tal-wilkenfeld-transcript
https://lexfridman.com/files/thumbs_ai_podcast/guillaume_verdon.png,https://www.youtube.com/watch?v=8fEEbKJoNbU,"Beff Jezos, E/acc Movement, Physics, Computation & AGI",https://lexfridman.com/guillaume-verdon,https://lexfridman.com/guillaume-verdon-transcript
https://lexfridman.com/files/thumbs_ai_podcast/teddy_atlas.png,https://www.youtube.com/watch?v=CVx9IB_U9X4,"Mike Tyson, Cus D'Amato, Boxing, Loyalty, Fear & Greatness",https://lexfridman.com/teddy-atlas,https://lexfridman.com/teddy-atlas-transcript
https://lexfridman.com/files/thumbs_ai_podcast/jeff_bezos.png,https://www.youtube.com/watch?v=DcWqzZ3I2cY,Amazon and Blue Origin,https://lexfridman.com/jeff-bezos,https://lexfridman.com/jeff-bezos-transcript
https://lexfridman.com/files/thumbs_ai_podcast/lee_cronin_3.png,https://www.youtube.com/watch?v=CGiDqhSdLHk,Controversial Nature Paper on Evolution of Life and Universe,https://lexfridman.com/lee-cronin-3,https://lexfridman.com/lee-cronin-3-transcript
https://lexfridman.com/files/thumbs_ai_podcast/lisa_randall.png,https://www.youtube.com/watch?v=VPaOy3G1-2A,"Dark Matter, Theoretical Physics, and Extinction Events",https://lexfridman.com/lisa-randall,https://lexfridman.com/lisa-randall-transcript
https://lexfridman.com/files/thumbs_ai_podcast/michael_malice_7.png,https://www.youtube.com/watch?v=2yHr9DPnSzk,Thanksgiving Pirate Special,https://lexfridman.com/michael-malice-7,https://lexfridman.com/michael-malice-7-transcript
https://lexfridman.com/files/thumbs_ai_podcast/john_mearsheimer.png,https://www.youtube.com/watch?v=r4wLXNydzeY,"Israel-Palestine, Russia-Ukraine, China, NATO, and WW3",https://lexfridman.com/john-mearsheimer,https://lexfridman.com/john-mearsheimer-transcript
https://lexfridman.com/files/thumbs_ai_podcast/elon_musk_4.png,https://www.youtube.com/watch?v=JN3KPFbWCy8,"War, AI, Aliens, Politics, Physics, Video Games, and Humanity",https://lexfridman.com/elon-musk-4,https://lexfridman.com/elon-musk-4-transcript
https://lexfridman.com/files/thumbs_ai_podcast/jared_kushner.png,https://www.youtube.com/watch?v=co_MeKSnyAo,"Israel, Palestine, Hamas, Gaza, Iran, and the Middle East",https://lexfridman.com/jared-kushner,https://lexfridman.com/jared-kushner-transcript
https://lexfridman.com/files/thumbs_ai_podcast/mark_zuckerberg_3.png,https://www.youtube.com/watch?v=MVYrJJNdrEg,First Interview in the Metaverse,https://lexfridman.com/mark-zuckerberg-3,https://lexfridman.com/mark-zuckerberg-3-transcript
https://lexfridman.com/files/thumbs_ai_podcast/greg_lukianoff.png,https://www.youtube.com/watch?v=buarAx_u2qg,"Cancel Culture, Deplatforming, Censorship & Free Speech",https://lexfridman.com/greg-lukianoff,https://lexfridman.com/greg-lukianoff-transcript
https://lexfridman.com/files/thumbs_ai_podcast/james_sexton.png,https://www.youtube.com/watch?v=fUEjCXpOjPY,"Divorce Lawyer on Marriage, Relationships, Sex, Lies & Love",https://lexfridman.com/james-sexton,https://lexfridman.com/james-sexton-transcript
https://lexfridman.com/files/thumbs_ai_podcast/walter_isaacson.png,https://www.youtube.com/watch?v=aGOV5R7M1Js,"Elon Musk, Steve Jobs, Einstein, Da Vinci & Ben Franklin",https://lexfridman.com/walter-isaacson,https://lexfridman.com/walter-isaacson-transcript
https://lexfridman.com/files/thumbs_ai_podcast/neri_oxman.png,https://www.youtube.com/watch?v=XbPHojL_61U,"Biology, Art, and Science of Design & Engineering with Nature",https://lexfridman.com/neri-oxman,https://lexfridman.com/neri-oxman-transcript
https://lexfridman.com/files/thumbs_ai_podcast/andrew_huberman_4.png,https://www.youtube.com/watch?v=eTBAxD6lt2g,"Relationships, Drama, Betrayal, Sex, and Love",https://lexfridman.com/andrew-huberman-4,https://lexfridman.com/andrew-huberman-4-transcript
https://lexfridman.com/files/thumbs_ai_podcast/joscha_bach_3.png,https://www.youtube.com/watch?v=e8qJsk1j2zE,"Life, Intelligence, Consciousness, AI & the Future of Humans",https://lexfridman.com/joscha-bach-3,https://lexfridman.com/joscha-bach-3-transcript
https://lexfridman.com/files/thumbs_ai_podcast/mohammed_el_kurd.png,https://www.youtube.com/watch?v=34wA_bdG6QQ,Palestine,https://lexfridman.com/mohammed-el-kurd,https://lexfridman.com/mohammed-el-kurd-transcript
https://lexfridman.com/files/thumbs_ai_podcast/yuval_noah_harari.png,https://www.youtube.com/watch?v=Mde2q7GFCrw,"Human Nature, Intelligence, Power, and Conspiracies",https://lexfridman.com/yuval-noah-harari,https://lexfridman.com/yuval-noah-harari-transcript
https://lexfridman.com/files/thumbs_ai_podcast/benjamin_netanyahu.png,https://www.youtube.com/watch?v=XpC7SVDXimg,"Israel, Palestine, Power, Corruption, Hate, and Peace",https://lexfridman.com/benjamin-netanyahu,https://lexfridman.com/benjamin-netanyahu-transcript
https://lexfridman.com/files/thumbs_ai_podcast/robert_f_kennedy_jr.png,https://www.youtube.com/watch?v=NPtBkw5uD-0,"CIA, Power, Corruption, War, Freedom, and Meaning",https://lexfridman.com/robert-f-kennedy-jr,https://lexfridman.com/robert-f-kennedy-jr-transcript
https://lexfridman.com/files/thumbs_ai_podcast/george_hotz_3.png,https://www.youtube.com/watch?v=dNrTrx42DGQ,"Tiny Corp, Twitter, AI Safety, Self-Driving, GPT, AGI & God",https://lexfridman.com/george-hotz-3,https://lexfridman.com/george-hotz-3-transcript
https://lexfridman.com/files/thumbs_ai_podcast/marc_andreessen.png,https://www.youtube.com/watch?v=-hxeDjAxvJ8,"Future of the Internet, Technology, and AI",https://lexfridman.com/marc-andreessen,
https://lexfridman.com/files/thumbs_ai_podcast/jimmy_wales.png,https://www.youtube.com/watch?v=diJp4zoQPqo,Wikipedia,https://lexfridman.com/jimmy-wales,https://lexfridman.com/jimmy-wales-transcript
https://lexfridman.com/files/thumbs_ai_podcast/matthew_mcconaughey.png,https://www.youtube.com/watch?v=8qgIFD0PaWo,"Freedom, Truth, Family, Hardship, and Love",https://lexfridman.com/matthew-mcconaughey,
https://lexfridman.com/files/thumbs_ai_podcast/mark_zuckerberg_2.png,https://www.youtube.com/watch?v=Ff4fRgnuFgQ,"Future of AI at Meta, Facebook, Instagram, and WhatsApp",https://lexfridman.com/mark-zuckerberg-2,
https://lexfridman.com/files/thumbs_ai_podcast/bert_kreischer.png,https://www.youtube.com/watch?v=8TmV6KEYkK0,"Comedy, Drinking, Rogan, Segura, Churchill & Kim Jong Un",https://lexfridman.com/bert-kreischer,
https://lexfridman.com/files/thumbs_ai_podcast/chris_lattner_3.png,https://www.youtube.com/watch?v=pdJQ8iVTwj8,Future of Programming and AI,https://lexfridman.com/chris-lattner-3,
https://lexfridman.com/files/thumbs_ai_podcast/neil_gershenfeld.png,https://www.youtube.com/watch?v=YDjOS0VHEr4,Self-Replicating Robots and the Future of Fabrication,https://lexfridman.com/neil-gershenfeld,
https://lexfridman.com/files/thumbs_ai_podcast/randall_kennedy.png,https://www.youtube.com/watch?v=iFXGpKf9VBU,"The N-Word - History of Race, Law, Politics, and Power",https://lexfridman.com/randall-kennedy,
https://lexfridman.com/files/thumbs_ai_podcast/anna_frebel.png,https://www.youtube.com/watch?v=IQnUa5Bq5x4,"Origin and Evolution of the Universe, Galaxies, and Stars",https://lexfridman.com/anna-frebel,
https://lexfridman.com/files/thumbs_ai_podcast/harvey_silverglate.png,https://www.youtube.com/watch?v=DgTjSrrf6GQ,Freedom of Speech,https://lexfridman.com/harvey-silverglate,
https://lexfridman.com/files/thumbs_ai_podcast/stephen_wolfram_4.png,https://www.youtube.com/watch?v=PdE-waSx-d8,"ChatGPT and the Nature of Truth, Reality & Computation",https://lexfridman.com/stephen-wolfram-4,
https://lexfridman.com/files/thumbs_ai_podcast/david_pakman.png,https://www.youtube.com/watch?v=2i31fDkaK9A,"Politics of Trump, Biden, Bernie, AOC, Socialism & Wokeism",https://lexfridman.com/david-pakman,
https://lexfridman.com/files/thumbs_ai_podcast/robert_playter.png,https://www.youtube.com/watch?v=cLVdsZ3I5os,Boston Dynamics CEO on Humanoid and Legged Robotics,https://lexfridman.com/robert-playter,
https://lexfridman.com/files/thumbs_ai_podcast/manolis_kellis_5.png,https://www.youtube.com/watch?v=wMavKrA-4do,Evolution of Human Civilization and Superintelligent AI,https://lexfridman.com/manolis-kellis-5,
https://lexfridman.com/files/thumbs_ai_podcast/simone_giertz.png,https://www.youtube.com/watch?v=OgIo36F6Fsg,"Queen of Sh*tty Robots, Innovative Engineering, and Design",https://lexfridman.com/simone-giertz,
https://lexfridman.com/files/thumbs_ai_podcast/max_tegmark_3.png,https://www.youtube.com/watch?v=VcVfceTsD0A,The Case for Halting AI Development,https://lexfridman.com/max-tegmark-3,
https://lexfridman.com/files/thumbs_ai_podcast/edward_frenkel.png,https://www.youtube.com/watch?v=Osh0-J3T2nY,"Reality is a Paradox - Mathematics, Physics, Truth & Love",https://lexfridman.com/edward-frenkel,
https://lexfridman.com/files/thumbs_ai_podcast/paul_rosolie.png,https://www.youtube.com/watch?v=gPfriiHBBek,"Amazon Jungle, Uncontacted Tribes, Anacondas, and Ayahuasca",https://lexfridman.com/paul-rosolie,
https://lexfridman.com/files/thumbs_ai_podcast/eliezer_yudkowsky.png,https://www.youtube.com/watch?v=AaTRHFaaPG8,Dangers of AI and the End of Human Civilization,https://lexfridman.com/eliezer-yudkowsky,
https://lexfridman.com/files/thumbs_ai_podcast/sam_altman.png,https://www.youtube.com/watch?v=L_Guz73e6fw,"OpenAI CEO on GPT-4, ChatGPT, and the Future of AI",https://lexfridman.com/sam-altman,
https://lexfridman.com/files/thumbs_ai_podcast/shannon_curry.png,https://www.youtube.com/watch?v=qtOKrG_wK5A,"Johnny Depp & Amber Heard Trial, Marriage, Dating & Love",https://lexfridman.com/shannon-curry,
https://lexfridman.com/files/thumbs_ai_podcast/sam_harris_2.png,https://www.youtube.com/watch?v=Qyrjgf-_Vdk,"Trump, Pandemic, Twitter, Elon, Bret, IDW, Kanye, AI & UFOs",https://lexfridman.com/sam-harris-2,
https://lexfridman.com/files/thumbs_ai_podcast/chris_voss.png,https://www.youtube.com/watch?v=8EguLJgkc54,FBI Hostage Negotiator,https://lexfridman.com/chris-voss,
https://lexfridman.com/files/thumbs_ai_podcast/b_team.png,https://www.youtube.com/watch?v=hLZ6PACCBy8,"Craig Jones, Nicky Rod, and Nicky Ryan",https://lexfridman.com/b-team,
https://lexfridman.com/files/thumbs_ai_podcast/ginni_rometty.png,https://www.youtube.com/watch?v=XiCxj-bXu5M,"IBM CEO on Leadership, Power, and Adversity",https://lexfridman.com/ginni-rometty,
https://lexfridman.com/files/thumbs_ai_podcast/aaron_smith_levin.png,https://www.youtube.com/watch?v=J1lN9zkK_k0,Scientology,https://lexfridman.com/aaron-smith-levin,
https://lexfridman.com/files/thumbs_ai_podcast/tim_urban_2.png,https://www.youtube.com/watch?v=GkZz2I6sK08,"Tribalism, Marxism, Liberalism, Social Justice, and Politics",https://lexfridman.com/tim-urban-2,
https://lexfridman.com/files/thumbs_ai_podcast/andrew_strominger.png,https://www.youtube.com/watch?v=y3cw_9ELpQw,"Black Holes, Quantum Gravity, and Theoretical Physics",https://lexfridman.com/andrew-strominger,
https://lexfridman.com/files/thumbs_ai_podcast/aella.png,https://www.youtube.com/watch?v=cFSrxSBrgSc,"Sex Work, OnlyFans, Porn, Escorting, Dating, and Human Sexuality",https://lexfridman.com/aella,
https://lexfridman.com/files/thumbs_ai_podcast/paul_conti.png,https://www.youtube.com/watch?v=jRBksDVs4tg,"Narcissism, Sociopathy, Envy, and the Nature of Good and Evil",https://lexfridman.com/paul-conti,
https://lexfridman.com/files/thumbs_ai_podcast/tim_dodd.png,https://www.youtube.com/watch?v=5eK5A_43pkE,"SpaceX, Starship, Rocket Engines, and Future of Space Travel",https://lexfridman.com/tim-dodd,
https://lexfridman.com/files/thumbs_ai_podcast/david_kipping.png,https://www.youtube.com/watch?v=uZN5xjoS6TU,Alien Civilizations and Habitable Worlds,https://lexfridman.com/david-kipping,
https://lexfridman.com/files/thumbs_ai_podcast/jeremi_suri_2.png,https://www.youtube.com/watch?v=GvX-heRWFfA,"Civil War, Slavery, Freedom, and Democracy",https://lexfridman.com/jeremi-suri-2,
https://lexfridman.com/files/thumbs_ai_podcast/dennis_whyte.png,https://www.youtube.com/watch?v=aJoRMFWn2Jk,Nuclear Fusion and the Future of Energy,https://lexfridman.com/dennis-whyte,
https://lexfridman.com/files/thumbs_ai_podcast/omar_suleiman.png,https://www.youtube.com/watch?v=BOKCNUqbpH0,Islam,https://lexfridman.com/omar-suleiman,
https://lexfridman.com/files/thumbs_ai_podcast/mrbeast.png,https://www.youtube.com/watch?v=Z3_PwvvfxIU,"Future of YouTube, Twitter, TikTok, and Instagram",https://lexfridman.com/mrbeast,
https://lexfridman.com/files/thumbs_ai_podcast/betul_kacar.png,https://www.youtube.com/watch?v=NXU_M4030nE,"Origin of Life, Ancient DNA, Panspermia, and Aliens",https://lexfridman.com/betul-kacar,
https://lexfridman.com/files/thumbs_ai_podcast/bhaskar_sunkara.png,https://www.youtube.com/watch?v=pNlfHgHJweQ,Socialism and Communism,https://lexfridman.com/bhaskar-sunkara,
https://lexfridman.com/files/thumbs_ai_podcast/nathalie_cabrol.png,https://www.youtube.com/watch?v=yyBosLx7bbM,Search for Alien Life,https://lexfridman.com/nathalie-cabrol,
https://lexfridman.com/files/thumbs_ai_podcast/michael_malice_6.png,https://www.youtube.com/watch?v=NUkXluf3OYA,Christmas Special,https://lexfridman.com/michael-malice-6,
https://lexfridman.com/files/thumbs_ai_podcast/ed_calderon.png,https://www.youtube.com/watch?v=9PIOoJMMptA,Mexican Drug Cartels,https://lexfridman.com/ed-calderon,
https://lexfridman.com/files/thumbs_ai_podcast/coffeezilla.png,https://www.youtube.com/watch?v=hi9Rf0oLdHk,"SBF, FTX, Fraud, Scams, Fake Gurus, Money, Fame, and Power",https://lexfridman.com/coffeezilla,
https://lexfridman.com/files/thumbs_ai_podcast/noam_brown.png,https://www.youtube.com/watch?v=2oHH4aClJQs,AI vs Humans in Poker and Games of Strategic Negotiation,https://lexfridman.com/noam-brown,
https://lexfridman.com/files/thumbs_ai_podcast/roger_gracie.png,https://www.youtube.com/watch?v=FhfmGM6hswI,Greatest Jiu Jitsu Competitor of All Time,https://lexfridman.com/roger-gracie,
https://lexfridman.com/files/thumbs_ai_podcast/todd_howard.png,https://www.youtube.com/watch?v=H9AAnV59ddE,"Skyrim, Elder Scrolls 6, Fallout, and Starfield",https://lexfridman.com/todd-howard,
https://lexfridman.com/files/thumbs_ai_podcast/guido_van_rossum_2.png,https://www.youtube.com/watch?v=-DVyjdw4t9I,Python and the Future of Programming,https://lexfridman.com/guido-van-rossum-2,
https://lexfridman.com/files/thumbs_ai_podcast/chris_tarbell.png,https://www.youtube.com/watch?v=4KiO8GRgwDk,FBI Agent Who Took Down Silk Road,https://lexfridman.com/chris-tarbell,
https://lexfridman.com/files/thumbs_ai_podcast/climate_change_debate.png,https://www.youtube.com/watch?v=5Gk9gIpGvSE,Bj√∏rn Lomborg and Andrew Revkin,https://lexfridman.com/climate-change-debate,
https://lexfridman.com/files/thumbs_ai_podcast/chamath_palihapitiya.png,https://www.youtube.com/watch?v=kFQUDCgMjRc,"Money, Success, Startups, Energy, Poker & Happiness",https://lexfridman.com/chamath-palihapitiya,
https://lexfridman.com/files/thumbs_ai_podcast/destiny.png,https://www.youtube.com/watch?v=bqeuFiAUU4o,"Politics, Free Speech, Controversy, Sex, War, and Relationships",https://lexfridman.com/destiny,
https://lexfridman.com/files/thumbs_ai_podcast/ben_shapiro.png,https://www.youtube.com/watch?v=AF8DOS4C2KM,"Politics, Kanye, Trump, Biden, Hitler, Extremism, and War",https://lexfridman.com/ben-shapiro,
https://lexfridman.com/files/thumbs_ai_podcast/fiona_hill.png,https://www.youtube.com/watch?v=vNhSCF9i8Qs,Vladimir Putin and Donald Trump,https://lexfridman.com/fiona-hill,
https://lexfridman.com/files/thumbs_ai_podcast/abbas_amanat.png,https://www.youtube.com/watch?v=OYsYgzzsdT0,"Iran Protests, Mahsa Amini, History, CIA & Nuclear Weapons",https://lexfridman.com/abbas-amanat,
https://lexfridman.com/files/thumbs_ai_podcast/andrej_karpathy.png,https://www.youtube.com/watch?v=cdiD-9MMpb0,"Tesla AI, Self-Driving, Optimus, Aliens, and AGI",https://lexfridman.com/andrej-karpathy,
https://lexfridman.com/files/thumbs_ai_podcast/ye_aka_kanye_west.png,https://www.youtube.com/watch?v=4AWLcxTGZPA,Kanye 'Ye' West Interview,https://lexfridman.com/ye-aka-kanye-west,
https://lexfridman.com/files/thumbs_ai_podcast/balaji_srinivasan.png,https://www.youtube.com/watch?v=VeH7qKZr0WI,"How to Fix Government, Twitter, Science, and the FDA",https://lexfridman.com/balaji-srinivasan,
https://lexfridman.com/files/thumbs_ai_podcast/hikaru_nakamura.png,https://www.youtube.com/watch?v=oJNvxYEcVAY,"Chess, Magnus, Kasparov, and the Psychology of Greatness",https://lexfridman.com/hikaru-nakamura,
https://lexfridman.com/files/thumbs_ai_podcast/kate_darling_2.png,https://www.youtube.com/watch?v=ZFntEFXKDHM,"Social Robots, Ethics, Privacy and the Future of MIT",https://lexfridman.com/kate-darling-2,
https://lexfridman.com/files/thumbs_ai_podcast/john_danaher_3.png,https://www.youtube.com/watch?v=iZRbD7q1n-U,"Grappling, Jiu Jitsu, ADCC, and Animal Combat",https://lexfridman.com/john-danaher-3,
https://lexfridman.com/files/thumbs_ai_podcast/gothamchess.png,https://www.youtube.com/watch?v=iSMpTmibeDw,"Hans Niemann, Magnus Carlsen, Cheating Scandal & Chess Bots",https://lexfridman.com/gothamchess,
https://lexfridman.com/files/thumbs_ai_podcast/annaka_harris.png,https://www.youtube.com/watch?v=q6zEzZCtkXw,"Free Will, Consciousness, and the Nature of Reality",https://lexfridman.com/annaka-harris,
https://lexfridman.com/files/thumbs_ai_podcast/michael_levin.png,https://www.youtube.com/watch?v=p3lsYlod5OU,"Biology, Life, Aliens, Evolution, Embryogenesis & Xenobots",https://lexfridman.com/michael-levin,
https://lexfridman.com/files/thumbs_ai_podcast/daniel_negreanu.png,https://www.youtube.com/watch?v=rKnoNfajUgM,Poker,https://lexfridman.com/daniel-negreanu,
https://lexfridman.com/files/thumbs_ai_podcast/will_sasso.png,https://www.youtube.com/watch?v=xewD1apJNhw,"Comedy, MADtv, AI, Friendship, Madness, and Pro Wrestling",https://lexfridman.com/will-sasso,
https://lexfridman.com/files/thumbs_ai_podcast/rana_el_kaliouby.png,https://www.youtube.com/watch?v=36_rM7wpN5A,"Emotion AI, Social Robots, and Self-Driving Cars",https://lexfridman.com/rana-el-kaliouby,
https://lexfridman.com/files/thumbs_ai_podcast/ray_kurzweil.png,https://www.youtube.com/watch?v=ykY69lSpDdo,"Singularity, Superintelligence, and Immortality",https://lexfridman.com/ray-kurzweil,
https://lexfridman.com/files/thumbs_ai_podcast/christopher_capozzola.png,https://www.youtube.com/watch?v=SK4kMPmgKW0,"World War I, Ideology, Propaganda, and Politics",https://lexfridman.com/christopher-capozzola,
https://lexfridman.com/files/thumbs_ai_podcast/botez_sisters.png,https://www.youtube.com/watch?v=srUlKNLZTas,"Chess, Streaming, and Fame",https://lexfridman.com/botez-sisters,
https://lexfridman.com/files/thumbs_ai_podcast/nick_lane.png,https://www.youtube.com/watch?v=tOtdJcco3YM,"Origin of Life, Evolution, Aliens, Biology, and Consciousness",https://lexfridman.com/nick-lane,
https://lexfridman.com/files/thumbs_ai_podcast/john_vervaeke.png,https://www.youtube.com/watch?v=yImlXr5Tr8g,"Meaning Crisis, Atheism, Religion & the Search for Wisdom",https://lexfridman.com/john-vervaeke,
https://lexfridman.com/files/thumbs_ai_podcast/noam_chomsky_2.png,https://www.youtube.com/watch?v=7uHGlfeCBbE,"Putin, Ukraine, China, and Nuclear War",https://lexfridman.com/noam-chomsky-2,
https://lexfridman.com/files/thumbs_ai_podcast/magnus_carlsen.png,https://www.youtube.com/watch?v=0ZO28NtkwwQ,Greatest Chess Player of All Time,https://lexfridman.com/magnus-carlsen,
https://lexfridman.com/files/thumbs_ai_podcast/liv_boeree.png,https://www.youtube.com/watch?v=eF-E40pxxbI,"Poker, Game Theory, AI, Simulation, Aliens & Existential Risk",https://lexfridman.com/liv-boeree,
https://lexfridman.com/files/thumbs_ai_podcast/jordan_peterson.png,https://www.youtube.com/watch?v=sY8aFSY2zv4,"Life, Death, Power, Fame, and Meaning",https://lexfridman.com/jordan-peterson,
https://lexfridman.com/files/thumbs_ai_podcast/duncan_trussell.png,https://www.youtube.com/watch?v=jdIyNMkusLE,"Comedy, Sentient Robots, Suffering, Love & Burning Man",https://lexfridman.com/duncan-trussell,
https://lexfridman.com/files/thumbs_ai_podcast/magatte_wade.png,https://www.youtube.com/watch?v=Q6tDV3BhrcM,"Africa, Capitalism, Communism, and the Future of Humanity",https://lexfridman.com/magatte-wade,
https://lexfridman.com/files/thumbs_ai_podcast/andrew_bustamante.png,https://www.youtube.com/watch?v=T3FC7qIAGZk,CIA Spy,https://lexfridman.com/andrew-bustamante,
https://lexfridman.com/files/thumbs_ai_podcast/john_carmack.png,https://www.youtube.com/watch?v=I845O57ZSy4,"Doom, Quake, VR, AGI, Programming, Video Games, and Rockets",https://lexfridman.com/john-carmack,
https://lexfridman.com/files/thumbs_ai_podcast/ryan_graves.png,https://www.youtube.com/watch?v=qLDp-aYnR1Y,"UFOs, Fighter Jets, and Aliens",https://lexfridman.com/ryan-graves,
https://lexfridman.com/files/thumbs_ai_podcast/brian_armstrong.png,https://www.youtube.com/watch?v=VBPTFlpv31k,"Coinbase, Cryptocurrency, and Government Regulation",https://lexfridman.com/brian-armstrong,
https://lexfridman.com/files/thumbs_ai_podcast/oriol_vinyals_2.png,https://www.youtube.com/watch?v=aGBLRlLe7X8,Deep Learning and Artificial General Intelligence,https://lexfridman.com/oriol-vinyals-2,
https://lexfridman.com/files/thumbs_ai_podcast/martin_rees.png,https://www.youtube.com/watch?v=50r-5ULcWgY,"Black Holes, Alien Life, Dark Matter, and the Big Bang",https://lexfridman.com/martin-rees,
https://lexfridman.com/files/thumbs_ai_podcast/robert_barron.png,https://www.youtube.com/watch?v=WgytXF0SPh0,Christianity and the Catholic Church,https://lexfridman.com/robert-barron,
https://lexfridman.com/files/thumbs_ai_podcast/steve_keen.png,https://www.youtube.com/watch?v=1XGiTDWfdpM,"Marxism, Capitalism, and Economics",https://lexfridman.com/steve-keen,
https://lexfridman.com/files/thumbs_ai_podcast/richard_haier.png,https://www.youtube.com/watch?v=hppbxV9C63g,"IQ Tests, Human Intelligence, and Group Differences",https://lexfridman.com/richard-haier,
https://lexfridman.com/files/thumbs_ai_podcast/jack_barsky.png,https://www.youtube.com/watch?v=dSVLjAdo8UA,KGB Spy,https://lexfridman.com/jack-barsky,
https://lexfridman.com/files/thumbs_ai_podcast/joe_rogan_2.png,https://www.youtube.com/watch?v=gk4tEO4jDUM,"Comedy, Controversy, Aliens, UFOs, Putin, CIA, and Freedom",https://lexfridman.com/joe-rogan-2,
https://lexfridman.com/files/thumbs_ai_podcast/demis_hassabis.png,https://www.youtube.com/watch?v=Gfr50f6ZBvo,"DeepMind - AI, Superintelligence & the Future of Humanity",https://lexfridman.com/demis-hassabis,
https://lexfridman.com/files/thumbs_ai_podcast/susan_cain.png,https://www.youtube.com/watch?v=j4PEu4sVD40,The Power of Introverts and Loneliness,https://lexfridman.com/susan-cain,
https://lexfridman.com/files/thumbs_ai_podcast/jonathan_reisman.png,https://www.youtube.com/watch?v=XOPO9J7DIXw,The Human Body - From Sex & Sperm to Hands & Heart,https://lexfridman.com/jonathan-reisman,
https://lexfridman.com/files/thumbs_ai_podcast/douglas_murray.png,https://www.youtube.com/watch?v=EG7I6Bt_NZY,"Racism, Marxism, and the War on the West",https://lexfridman.com/douglas-murray,
https://lexfridman.com/files/thumbs_ai_podcast/richard_wolff.png,https://www.youtube.com/watch?v=o0Bi-q89j5Y,Marxism and Communism,https://lexfridman.com/richard-wolff,
https://lexfridman.com/files/thumbs_ai_podcast/tony_fadell.png,https://www.youtube.com/watch?v=4oDZyOf6CW4,"iPhone, iPod, Nest, Steve Jobs, Design, and Engineering",https://lexfridman.com/tony-fadell,
https://lexfridman.com/files/thumbs_ai_podcast/donald_hoffman.png,https://www.youtube.com/watch?v=reYdQYZ9Rj4,Reality is an Illusion - How Evolution Hid the Truth,https://lexfridman.com/donald-hoffman,
https://lexfridman.com/files/thumbs_ai_podcast/robin_hanson.png,https://www.youtube.com/watch?v=KBZP4rLk6bk,"Alien Civilizations, UFOs, and the Future of Humanity",https://lexfridman.com/robin-hanson,
https://lexfridman.com/files/thumbs_ai_podcast/jonathan_haidt.png,https://www.youtube.com/watch?v=f0un-l1L8Zw,The Case Against Social Media,https://lexfridman.com/jonathan-haidt,
https://lexfridman.com/files/thumbs_ai_podcast/dan_reynolds.png,https://www.youtube.com/watch?v=jvGZkf87aCs,Imagine Dragons,https://lexfridman.com/dan-reynolds,
https://lexfridman.com/files/thumbs_ai_podcast/stephen_kotkin_2.png,https://www.youtube.com/watch?v=2a7CDKqWcZ0,"Putin, Stalin, Hitler, Zelenskyy, and War in Ukraine",https://lexfridman.com/stephen-kotkin-2,
https://lexfridman.com/files/thumbs_ai_podcast/sarma_melngailis.png,https://www.youtube.com/watch?v=iZjby1LkTWQ,"Bad Vegan, Fraud, Prison, and Sociopathy",https://lexfridman.com/sarma-melngailis,
https://lexfridman.com/files/thumbs_ai_podcast/bobby_lee.png,https://www.youtube.com/watch?v=tOTenjh_8hw,"Comedy, Skyrim, Sex Robots, Love, Fame, and Power",https://lexfridman.com/bobby-lee,
https://lexfridman.com/files/thumbs_ai_podcast/oliver_stone.png,https://www.youtube.com/watch?v=ygAqYC8JOQI,Vladimir Putin and War in Ukraine,https://lexfridman.com/oliver-stone,
https://lexfridman.com/files/thumbs_ai_podcast/glenn_loury.png,https://www.youtube.com/watch?v=YbJZnShMQAo,"Race, Racism, Identity Politics, and Cancel Culture",https://lexfridman.com/glenn-loury,
https://lexfridman.com/files/thumbs_ai_podcast/saifedean_ammous.png,https://www.youtube.com/watch?v=gp4U5aH_T6A,"Bitcoin, Anarchy, and Austrian Economics",https://lexfridman.com/saifedean-ammous,
https://lexfridman.com/files/thumbs_ai_podcast/chris_mason.png,https://www.youtube.com/watch?v=1C2tPFCGL1U,"Space Travel, Colonization, and Long-Term Survival in Space",https://lexfridman.com/chris-mason,
https://lexfridman.com/files/thumbs_ai_podcast/david_buss.png,https://www.youtube.com/watch?v=sndW9hzX-wA,"Sex, Dating, Relationships, and Sex Differences",https://lexfridman.com/david-buss,
https://lexfridman.com/files/thumbs_ai_podcast/grimes.png,https://www.youtube.com/watch?v=KOwm7GUjcg8,"Music, AI, and the Future of Humanity",https://lexfridman.com/grimes,
https://lexfridman.com/files/thumbs_ai_podcast/cristiano_amon.png,https://www.youtube.com/watch?v=KMgPxVnKLSk,Qualcomm CEO,https://lexfridman.com/cristiano-amon,
https://lexfridman.com/files/thumbs_ai_podcast/alien_debate.png,https://www.youtube.com/watch?v=SFxIazwNP_0,Sara Walker and Lee Cronin,https://lexfridman.com/alien-debate,
https://lexfridman.com/files/thumbs_ai_podcast/skye_fitzgerald.png,https://www.youtube.com/watch?v=dHTgffkpeYo,"Hunger, War, and Human Suffering",https://lexfridman.com/skye-fitzgerald,
https://lexfridman.com/files/thumbs_ai_podcast/andrew_huberman_3.png,https://www.youtube.com/watch?v=lvh3g7eszVQ,"Focus, Stress, Relationships, and Friendship",https://lexfridman.com/andrew-huberman-3,
https://lexfridman.com/files/thumbs_ai_podcast/michael_saylor.png,https://www.youtube.com/watch?v=mC43pZkpTec,"Bitcoin, Inflation, and the Future of Money",https://lexfridman.com/michael-saylor,
https://lexfridman.com/files/thumbs_ai_podcast/rick_rubin.png,https://www.youtube.com/watch?v=H_szemxPcTI,Legendary Music Producer,https://lexfridman.com/rick-rubin,
https://lexfridman.com/files/thumbs_ai_podcast/karl_deisseroth.png,https://www.youtube.com/watch?v=OaeYUm06in0,"Depression, Schizophrenia, and Psychiatry",https://lexfridman.com/karl-deisseroth,
https://lexfridman.com/files/thumbs_ai_podcast/chris_blattman.png,https://www.youtube.com/watch?v=DbXjoXnIxQo,War and Violence,https://lexfridman.com/chris-blattman,
https://lexfridman.com/files/thumbs_ai_podcast/brett_johnson.png,https://www.youtube.com/watch?v=cC1LFC0KFSw,US Most Wanted Cybercriminal,https://lexfridman.com/brett-johnson,
https://lexfridman.com/files/thumbs_ai_podcast/ariel_ekblaw.png,https://www.youtube.com/watch?v=KW8Vjs84Fxg,Space Colonization and Self-Assembling Space Megastructures,https://lexfridman.com/ariel-ekblaw,
https://lexfridman.com/files/thumbs_ai_podcast/david_wolpe.png,https://www.youtube.com/watch?v=urdNsyZBqhQ,Judaism,https://lexfridman.com/david-wolpe,
https://lexfridman.com/files/thumbs_ai_podcast/lee_cronin.png,https://www.youtube.com/watch?v=ZecQ64l-gKM,"Origin of Life, Aliens, Complexity, and Consciousness",https://lexfridman.com/lee-cronin,
https://lexfridman.com/files/thumbs_ai_podcast/robert_proctor.png,https://www.youtube.com/watch?v=Y3VBCWIDEzk,Nazi Science and Ideology,https://lexfridman.com/robert-proctor,
https://lexfridman.com/files/thumbs_ai_podcast/mark_zuckerberg.png,https://www.youtube.com/watch?v=5zOHSysMmH0,"Meta, Facebook, Instagram, and the Metaverse",https://lexfridman.com/mark-zuckerberg,
https://lexfridman.com/files/thumbs_ai_podcast/nicole_perlroth.png,https://www.youtube.com/watch?v=hy2G3PhGm-g,Cybersecurity and the Weapons of Cyberwar,https://lexfridman.com/nicole-perlroth,
https://lexfridman.com/files/thumbs_ai_podcast/devon_larratt.png,https://www.youtube.com/watch?v=nvBEXXnNaNQ,Arm Wrestling,https://lexfridman.com/devon-larratt,
https://lexfridman.com/files/thumbs_ai_podcast/tim_urban.png,https://www.youtube.com/watch?v=0Jd7fJgFkPU,"Elon Musk, Neuralink, AI, Aliens, and the Future of Humanity",https://lexfridman.com/tim-urban,
https://lexfridman.com/files/thumbs_ai_podcast/john_abramson.png,https://www.youtube.com/watch?v=arrokG3wCdE,Big Pharma,https://lexfridman.com/john-abramson,
https://lexfridman.com/files/thumbs_ai_podcast/garry_nolan.png,https://www.youtube.com/watch?v=uTCc2-1tbBQ,UFOs and Aliens,https://lexfridman.com/garry-nolan,
https://lexfridman.com/files/thumbs_ai_podcast/philip_goff.png,https://www.youtube.com/watch?v=BCdV6BMMpOo,"Consciousness, Panpsychism, and the Philosophy of Mind",https://lexfridman.com/philip-goff,
https://lexfridman.com/files/thumbs_ai_podcast/georges_st_pierre_john_danaher_gordon_ryan.png,https://www.youtube.com/watch?v=KdmDtqB46Jc,The Greatest of All Time,https://lexfridman.com/georges-st-pierre-john-danaher-gordon-ryan,
https://lexfridman.com/files/thumbs_ai_podcast/thomas_tull.png,https://www.youtube.com/watch?v=3Z7WimACqG8,From Batman Dark Knight Trilogy to AI and The Rolling Stones,https://lexfridman.com/thomas-tull,
https://lexfridman.com/files/thumbs_ai_podcast/yann_lecun_2.png,https://www.youtube.com/watch?v=SGzMElJ11Cc,Dark Matter of Intelligence and Self-Supervised Learning,https://lexfridman.com/yann-lecun-2,
https://lexfridman.com/files/thumbs_ai_podcast/brian_keating.png,https://www.youtube.com/watch?v=nhGwJLXzHs8,"Cosmology, Astrophysics, Aliens & Losing the Nobel Prize",https://lexfridman.com/brian-keating,
https://lexfridman.com/files/thumbs_ai_podcast/nationalism_debate.png,https://www.youtube.com/watch?v=Q24cpnHzx8I,Yaron Brook and Yoram Hazony,https://lexfridman.com/nationalism-debate,
https://lexfridman.com/files/thumbs_ai_podcast/mark_normand.png,https://www.youtube.com/watch?v=WzsivT_Ap1w,Comedy!,https://lexfridman.com/mark-normand,
https://lexfridman.com/files/thumbs_ai_podcast/jay_bhattacharya.png,https://www.youtube.com/watch?v=oIOGUYOPAsA,The Case Against Lockdowns,https://lexfridman.com/jay-bhattacharya,
https://lexfridman.com/files/thumbs_ai_podcast/michael_malice_5.png,https://www.youtube.com/watch?v=B2tXN7ZnSfU,New Year's Special,https://lexfridman.com/michael-malice-5,
https://lexfridman.com/files/thumbs_ai_podcast/elon_musk_3.png,https://www.youtube.com/watch?v=DxREm3s1scA,"SpaceX, Mars, Tesla Autopilot, Self-Driving, Robotics, and AI",https://lexfridman.com/elon-musk-3,
https://lexfridman.com/files/thumbs_ai_podcast/ray_dalio_2.png,https://www.youtube.com/watch?v=TISMidxdZoc,"Money, Power, and the Collapse of Empires",https://lexfridman.com/ray-dalio-2,
https://lexfridman.com/files/thumbs_ai_podcast/peter_wang.png,https://www.youtube.com/watch?v=X0-SXS6zdEQ,"Python and the Source Code of Humans, Computers, and Reality",https://lexfridman.com/peter-wang,
https://lexfridman.com/files/thumbs_ai_podcast/albert_bourla.png,https://www.youtube.com/watch?v=Z_LhPMhkEdw,Pfizer CEO,https://lexfridman.com/albert-bourla,
https://lexfridman.com/files/thumbs_ai_podcast/norman_naimark.png,https://www.youtube.com/watch?v=Vrz8YDl9CeA,"Genocide, Stalin, Hitler, Mao, and Absolute Power",https://lexfridman.com/norman-naimark,
https://lexfridman.com/files/thumbs_ai_podcast/jamie_metzl.png,https://www.youtube.com/watch?v=K78jqx9fx2I,Lab Leak Theory,https://lexfridman.com/jamie-metzl,
https://lexfridman.com/files/thumbs_ai_podcast/peter_woit.png,https://www.youtube.com/watch?v=nDDJFvuFXdc,Theories of Everything & Why String Theory is Not Even Wrong,https://lexfridman.com/peter-woit,
https://lexfridman.com/files/thumbs_ai_podcast/tom_brands.png,https://www.youtube.com/watch?v=Ww6pfsWmkdY,Iowa Wrestling,https://lexfridman.com/tom-brands,
https://lexfridman.com/files/thumbs_ai_podcast/robert_crews.png,https://www.youtube.com/watch?v=CDiqA4SJNpA,"Afghanistan, Taliban, Bin Laden, and War in the Middle East",https://lexfridman.com/robert-crews,
https://lexfridman.com/files/thumbs_ai_podcast/kevin_systrom.png,https://www.youtube.com/watch?v=3pvpNKUPbIY,Instagram,https://lexfridman.com/kevin-systrom,
https://lexfridman.com/files/thumbs_ai_podcast/ben_askren.png,https://www.youtube.com/watch?v=tApj7Q37P2k,Wrestling and MMA,https://lexfridman.com/ben-askren,
https://lexfridman.com/files/thumbs_ai_podcast/boris_sofman.png,https://www.youtube.com/watch?v=U_AREIyd0Fc,"Waymo, Cozmo, Self-Driving Cars, and the Future of Robotics",https://lexfridman.com/boris-sofman,
https://lexfridman.com/files/thumbs_ai_podcast/neal_stephenson.png,https://www.youtube.com/watch?v=xAfdSak2fs8,"Sci-Fi, Space, Aliens, AI, VR & the Future of Humanity",https://lexfridman.com/neal-stephenson,
https://lexfridman.com/files/thumbs_ai_podcast/niall_ferguson.png,https://www.youtube.com/watch?v=xF6x1ftN-H4,"History of Money, Power, War, and Truth",https://lexfridman.com/niall-ferguson,
https://lexfridman.com/files/thumbs_ai_podcast/francis_collins.png,https://www.youtube.com/watch?v=mRZE-SJShkE,National Institutes of Health (NIH),https://lexfridman.com/francis-collins,
https://lexfridman.com/files/thumbs_ai_podcast/steve_viscelli.png,https://www.youtube.com/watch?v=a3Wpy6gE4So,Trucking and the Decline of the American Dream,https://lexfridman.com/steve-viscelli,
https://lexfridman.com/files/thumbs_ai_podcast/jimmy_pedro.png,https://www.youtube.com/watch?v=uy1fX2vOAEE,Judo and the Forging of Champions,https://lexfridman.com/jimmy-pedro,
https://lexfridman.com/files/thumbs_ai_podcast/michael_mina_2.png,https://www.youtube.com/watch?v=80OvNaEgmmw,Rapid COVID Testing,https://lexfridman.com/michael-mina-2,
https://lexfridman.com/files/thumbs_ai_podcast/stephen_wolfram_3.png,https://www.youtube.com/watch?v=4-SGpEInX_c,Complexity and the Fabric of Reality,https://lexfridman.com/stephen-wolfram-3,
https://lexfridman.com/files/thumbs_ai_podcast/carl_hart.png,https://www.youtube.com/watch?v=3LWNY70Oj4A,"Heroin, Cocaine, MDMA, Alcohol & the Role of Drugs in Society",https://lexfridman.com/carl-hart,
https://lexfridman.com/files/thumbs_ai_podcast/brian_greene.png,https://www.youtube.com/watch?v=98HZanvAJ8Y,"Quantum Gravity, The Big Bang, Aliens, Death, and Meaning",https://lexfridman.com/brian-greene,
https://lexfridman.com/files/thumbs_ai_podcast/alex_gladstein.png,https://www.youtube.com/watch?v=kSbMU5CbFM0,"Bitcoin, Authoritarianism, and Human Rights",https://lexfridman.com/alex-gladstein,
https://lexfridman.com/files/thumbs_ai_podcast/kelsi_sheren.png,https://www.youtube.com/watch?v=PbN3HzKkW4M,"War, Artillery, PTSD, and Love",https://lexfridman.com/kelsi-sheren,
https://lexfridman.com/files/thumbs_ai_podcast/richard_wrangham.png,https://www.youtube.com/watch?v=YJF01_ztxwY,"Violence, Sex, and Fire in Human Evolution",https://lexfridman.com/richard-wrangham,
https://lexfridman.com/files/thumbs_ai_podcast/rza.png,https://www.youtube.com/watch?v=Iau6W5pjy9Y,"Wu-Tang Clan, Kung Fu, Chess, God, Life, and Death",https://lexfridman.com/rza,
https://lexfridman.com/files/thumbs_ai_podcast/sean_kelly.png,https://www.youtube.com/watch?v=cC1HszE5Hcw,"Existentialism, Nihilism, and the Search for Meaning",https://lexfridman.com/sean-kelly,
https://lexfridman.com/files/thumbs_ai_podcast/jo_boaler.png,https://www.youtube.com/watch?v=KZnGSVwIpeU,How to Learn Math,https://lexfridman.com/jo-boaler,
https://lexfridman.com/files/thumbs_ai_podcast/jeffrey_shainline.png,https://www.youtube.com/watch?v=EwueqdgIvq4,Neuromorphic Computing and Optoelectronic Intelligence,https://lexfridman.com/jeffrey-shainline,
https://lexfridman.com/files/thumbs_ai_podcast/travis_oliphant.png,https://www.youtube.com/watch?v=gFEE3w7F0ww,"NumPy, SciPy, Anaconda, Python & Scientific Programming",https://lexfridman.com/travis-oliphant,
https://lexfridman.com/files/thumbs_ai_podcast/travis_stevens.png,https://www.youtube.com/watch?v=uiNpESmPioQ,"Judo, Olympics, and Mental Toughness",https://lexfridman.com/travis-stevens,
https://lexfridman.com/files/thumbs_ai_podcast/jay_mcclelland.png,https://www.youtube.com/watch?v=Ui38ZzTymDY,Neural Networks and the Emergence of Cognition,https://lexfridman.com/jay-mcclelland,
https://lexfridman.com/files/thumbs_ai_podcast/douglas_lenat.png,https://www.youtube.com/watch?v=3wMKoSRbGVs,Cyc and the Quest to Solve Common Sense Reasoning in AI,https://lexfridman.com/douglas-lenat,
https://lexfridman.com/files/thumbs_ai_podcast/niels_jorgensen.png,https://www.youtube.com/watch?v=hZenJc1fa70,New York Firefighters and the Heroes of 9/11,https://lexfridman.com/niels-jorgensen,
https://lexfridman.com/files/thumbs_ai_podcast/donald_knuth_2.png,https://www.youtube.com/watch?v=EE1R8FYUJm0,"Programming, Algorithms, Hard Problems & the Game of Life",https://lexfridman.com/donald-knuth-2,
https://lexfridman.com/files/thumbs_ai_podcast/jaron_lanier.png,https://www.youtube.com/watch?v=Fx0G6DHMfXM,"Virtual Reality, Social Media & the Future of Humans and AI",https://lexfridman.com/jaron-lanier,
https://lexfridman.com/files/thumbs_ai_podcast/rodney_brooks.png,https://www.youtube.com/watch?v=nre0QT9LN6w,Robotics,https://lexfridman.com/rodney-brooks,
https://lexfridman.com/files/thumbs_ai_podcast/vincent_racaniello.png,https://www.youtube.com/watch?v=G433fa01oMU,Viruses and Vaccines,https://lexfridman.com/vincent-racaniello,
https://lexfridman.com/files/thumbs_ai_podcast/wojciech_zaremba.png,https://www.youtube.com/watch?v=U5OD8MjYnOM,"OpenAI Codex, GPT-3, Robotics, and the Future of AI",https://lexfridman.com/wojciech-zaremba,
https://lexfridman.com/files/thumbs_ai_podcast/jed_buchwald.png,https://www.youtube.com/watch?v=TRdL6ZzWBS0,Isaac Newton and the Philosophy of Science,https://lexfridman.com/jed-buchwald,
https://lexfridman.com/files/thumbs_ai_podcast/barry_barish.png,https://www.youtube.com/watch?v=J48bm21q8_A,Gravitational Waves and the Most Precise Device Ever Built,https://lexfridman.com/barry-barish,
https://lexfridman.com/files/thumbs_ai_podcast/joscha_bach_2.png,https://www.youtube.com/watch?v=rIpUf-Vy2JA,"Nature of Reality, Dreams, and Consciousness",https://lexfridman.com/joscha-bach-2,
https://lexfridman.com/files/thumbs_ai_podcast/brian_muraresku.png,https://www.youtube.com/watch?v=oYQh1ZNkC70,The Secret History of Psychedelics,https://lexfridman.com/brian-muraresku,
https://lexfridman.com/files/thumbs_ai_podcast/matt_walker.png,https://www.youtube.com/watch?v=Hc4XvHTlW3s,Sleep,https://lexfridman.com/matt-walker,
https://lexfridman.com/files/thumbs_ai_podcast/luis_and_joao_batalha.png,https://www.youtube.com/watch?v=ndMahzDCH1Y,Fermat's Library and the Art of Studying Papers,https://lexfridman.com/luis-and-joao-batalha,
https://lexfridman.com/files/thumbs_ai_podcast/jeff_hawkins_2.png,https://www.youtube.com/watch?v=Z1KwkpTUbkg,The Thousand Brains Theory of Intelligence,https://lexfridman.com/jeff-hawkins-2,
https://lexfridman.com/files/thumbs_ai_podcast/chris_duffin.png,https://www.youtube.com/watch?v=e4Bet29PVPY,The Mad Scientist of Strength,https://lexfridman.com/chris-duffin,
https://lexfridman.com/files/thumbs_ai_podcast/ishan_misra.png,https://www.youtube.com/watch?v=FUS6ceIvUnI,Self-Supervised Deep Learning in Computer Vision,https://lexfridman.com/ishan-misra,
https://lexfridman.com/files/thumbs_ai_podcast/zach_bitter.png,https://www.youtube.com/watch?v=0RTWSJAqTPg,Ultramarathon Running,https://lexfridman.com/zach-bitter,
https://lexfridman.com/files/thumbs_ai_podcast/cumrun_vafa.png,https://www.youtube.com/watch?v=j4_VyRDOmN4,String Theory,https://lexfridman.com/cumrun-vafa,
https://lexfridman.com/files/thumbs_ai_podcast/anya_fernald.png,https://www.youtube.com/watch?v=ew8U43IXTfk,Regenerative Farming and the Art of Cooking Meat,https://lexfridman.com/anya-fernald,
https://lexfridman.com/files/thumbs_ai_podcast/rick_doblin.png,https://www.youtube.com/watch?v=2tUiLxtrLxk,Psychedelics,https://lexfridman.com/rick-doblin,
https://lexfridman.com/files/thumbs_ai_podcast/konstantin_batygin.png,https://www.youtube.com/watch?v=tm7poMupE8k,Planet 9 and the Edge of Our Solar System,https://lexfridman.com/konstantin-batygin,
https://lexfridman.com/files/thumbs_ai_podcast/michael_malice_3.png,https://www.youtube.com/watch?v=R5rNoV1Qy_Q,Totalitarianism and Anarchy,https://lexfridman.com/michael-malice-3,
https://lexfridman.com/files/thumbs_ai_podcast/roger_reaves.png,https://www.youtube.com/watch?v=Udh22kuLebg,Smuggling Drugs for Pablo Escobar and the Medellin Cartel,https://lexfridman.com/roger-reaves,
https://lexfridman.com/files/thumbs_ai_podcast/sara_walker.png,https://www.youtube.com/watch?v=-tDQ74I3Ovs,The Origin of Life on Earth and Alien Worlds,https://lexfridman.com/sara-walker,
https://lexfridman.com/files/thumbs_ai_podcast/jocko_willink.png,https://www.youtube.com/watch?v=n2RcVEftY48,"War, Leadership, and Discipline",https://lexfridman.com/jocko-willink,
https://lexfridman.com/files/thumbs_ai_podcast/yeonmi_park.png,https://www.youtube.com/watch?v=usDqSEKDVsA,North Korea,https://lexfridman.com/yeonmi-park,
https://lexfridman.com/files/thumbs_ai_podcast/clara_sousa_silva.png,https://www.youtube.com/watch?v=CGAvsmokB4c,Searching for Signs of Life on Venus and Other Planets,https://lexfridman.com/clara-sousa-silva,
https://lexfridman.com/files/thumbs_ai_podcast/bret_weinstein.png,https://www.youtube.com/watch?v=TG6BuSjwP4o,"Truth, Science, and Censorship in the Time of a Pandemic",https://lexfridman.com/bret-weinstein,
https://lexfridman.com/files/thumbs_ai_podcast/rob_reid.png,https://www.youtube.com/watch?v=cuD9uNFXnU8,The Existential Threat of Engineered Viruses and Lab Leaks,https://lexfridman.com/rob-reid,
https://lexfridman.com/files/thumbs_ai_podcast/charles_hoskinson.png,https://www.youtube.com/watch?v=FKh8hjJNhWc,Cardano,https://lexfridman.com/charles-hoskinson,
https://lexfridman.com/files/thumbs_ai_podcast/daniel_schmachtenberger.png,https://www.youtube.com/watch?v=hGRNUw559SE,Steering Civilization Away from Self-Destruction,https://lexfridman.com/daniel-schmachtenberger,
https://lexfridman.com/files/thumbs_ai_podcast/jordan_ellenberg.png,https://www.youtube.com/watch?v=tueAcSiiqYA,Mathematics of High-Dimensional Shapes and Geometries,https://lexfridman.com/jordan-ellenberg,
https://lexfridman.com/files/thumbs_ai_podcast/david_sinclair.png,https://www.youtube.com/watch?v=jhKZIq3SlYE,Extending the Human Lifespan Beyond 100 Years,https://lexfridman.com/david-sinclair,
https://lexfridman.com/files/thumbs_ai_podcast/vitalik_buterin_2.png,https://www.youtube.com/watch?v=XW0QZmtbjvs,Ethereum 2.0,https://lexfridman.com/vitalik-buterin-2,
https://lexfridman.com/files/thumbs_ai_podcast/frank_wilczek.png,https://www.youtube.com/watch?v=LDTe8uFqbws,"Physics of Quarks, Dark Matter, Complexity, Life & Aliens",https://lexfridman.com/frank-wilczek,
https://lexfridman.com/files/thumbs_ai_podcast/bryan_johnson.png,https://www.youtube.com/watch?v=1YbcB6b4A2U,Kernel Brain-Computer Interfaces,https://lexfridman.com/bryan-johnson,
https://lexfridman.com/files/thumbs_ai_podcast/sam_harris.png,https://www.youtube.com/watch?v=4dC_nRYIDZU,"Consciousness, Free Will, Psychedelics, AI, UFOs, and Meaning",https://lexfridman.com/sam-harris,
https://lexfridman.com/files/thumbs_ai_podcast/katherine_de_kleer.png,https://www.youtube.com/watch?v=85F0FDsPHf8,"Planets, Moons, Asteroids & Life in Our Solar System",https://lexfridman.com/katherine-de-kleer,
https://lexfridman.com/files/thumbs_ai_podcast/po_shen_loh.png,https://www.youtube.com/watch?v=6z1JwZbX4dQ,"Mathematics, Math Olympiad, Combinatorics & Contact Tracing",https://lexfridman.com/po-shen-loh,
https://lexfridman.com/files/thumbs_ai_podcast/john_danaher.png,https://www.youtube.com/watch?v=ktuw6Ow4sd0,"The Path to Mastery in Jiu Jitsu, Grappling, Judo, and MMA",https://lexfridman.com/john-danaher,
https://lexfridman.com/files/thumbs_ai_podcast/sergey_nazarov.png,https://www.youtube.com/watch?v=TPXTmVdlyoc,"Chainlink, Smart Contracts, and Oracle Networks",https://lexfridman.com/sergey-nazarov,
https://lexfridman.com/files/thumbs_ai_podcast/jeremi_suri.png,https://www.youtube.com/watch?v=USnqkUAr_3w,History of American Power,https://lexfridman.com/jeremi-suri,
https://lexfridman.com/files/thumbs_ai_podcast/georges_st_pierre.png,https://www.youtube.com/watch?v=fIPxfzfOTxk,The Science of Fighting,https://lexfridman.com/georges-st-pierre,
https://lexfridman.com/files/thumbs_ai_podcast/michael_malice_and_yaron_brook.png,https://www.youtube.com/watch?v=Pl3x4GINtBQ,"Ayn Rand, Human Nature, and Anarchy",https://lexfridman.com/michael-malice-and-yaron-brook,
https://lexfridman.com/files/thumbs_ai_podcast/risto_miikkulainen.png,https://www.youtube.com/watch?v=CY_LEa9xQtg,Neuroevolution and Evolutionary Computation,https://lexfridman.com/risto-miikkulainen,
https://lexfridman.com/files/thumbs_ai_podcast/robert_breedlove.png,https://www.youtube.com/watch?v=HrehEWYj16s,Philosophy of Bitcoin from First Principles,https://lexfridman.com/robert-breedlove,
https://lexfridman.com/files/thumbs_ai_podcast/yannis_pappas.png,https://www.youtube.com/watch?v=dmVqpx4YOY4,History and Comedy,https://lexfridman.com/yannis-pappas,
https://lexfridman.com/files/thumbs_ai_podcast/tyler_cowen.png,https://www.youtube.com/watch?v=7Grseeycor4,Economic Growth & the Fight Against Conformity & Mediocrity,https://lexfridman.com/tyler-cowen,
https://lexfridman.com/files/thumbs_ai_podcast/nic_carter.png,https://www.youtube.com/watch?v=mDyBbGCiBUU,"Bitcoin Core Values, Layered Scaling, and Blocksize Debates",https://lexfridman.com/nic-carter,
https://lexfridman.com/files/thumbs_ai_podcast/ryan_schiller.png,https://www.youtube.com/watch?v=UOEpe17nPhE,Librex and the Free Exchange of Ideas on College Campuses,https://lexfridman.com/ryan-schiller,
https://lexfridman.com/files/thumbs_ai_podcast/anthony_pompliano.png,https://www.youtube.com/watch?v=IHg6ixt3CKc,Bitcoin,https://lexfridman.com/anthony-pompliano,
https://lexfridman.com/files/thumbs_ai_podcast/ronald_sullivan.png,https://www.youtube.com/watch?v=Iuven0crywo,The Ideal of Justice in the Face of Controversy and Evil,https://lexfridman.com/ronald-sullivan,
https://lexfridman.com/files/thumbs_ai_podcast/ryan_hall_2.png,https://www.youtube.com/watch?v=VHg9sfOzBbY,Solving Martial Arts from First Principles,https://lexfridman.com/ryan-hall-2,
https://lexfridman.com/files/thumbs_ai_podcast/silvio_micali.png,https://www.youtube.com/watch?v=zNdhgOk4-fE,"Cryptocurrency, Blockchain, Algorand, Bitcoin & Ethereum",https://lexfridman.com/silvio-micali,
https://lexfridman.com/files/thumbs_ai_podcast/saagar_enjeti.png,https://www.youtube.com/watch?v=grceJbuPUXI,"Politics, History, and Power",https://lexfridman.com/saagar-enjeti,
https://lexfridman.com/files/thumbs_ai_podcast/cal_newport.png,https://www.youtube.com/watch?v=y3Umo_jd5AA,"Deep Work, Focus, Productivity, Email, and Social Media",https://lexfridman.com/cal-newport,
https://lexfridman.com/files/thumbs_ai_podcast/josh_barnett.png,https://www.youtube.com/watch?v=YJWPowbCK_I,"Philosophy of Violence, Power, and the Martial Arts",https://lexfridman.com/josh-barnett,
https://lexfridman.com/files/thumbs_ai_podcast/andrew_huberman_2.png,https://www.youtube.com/watch?v=ClxRHJPz8aQ,"Sleep, Dreams, Creativity, Fasting, and Neuroplasticity",https://lexfridman.com/andrew-huberman-2,
https://lexfridman.com/files/thumbs_ai_podcast/eric_weinstein_4.png,https://www.youtube.com/watch?v=ifX_JnBfxTY,"Difficult Conversations, Freedom of Speech, and Physics",https://lexfridman.com/eric-weinstein-4,
https://lexfridman.com/files/thumbs_ai_podcast/jim_keller_2.png,https://www.youtube.com/watch?v=G4hL5Om4IJ4,"The Future of Computing, AI, Life, and Consciousness",https://lexfridman.com/jim-keller-2,
https://lexfridman.com/files/thumbs_ai_podcast/jason_calacanis.png,https://www.youtube.com/watch?v=d2bYwYxqJCM,"Startups, Angel Investing, Capitalism, and Friendship",https://lexfridman.com/jason-calacanis,
https://lexfridman.com/files/thumbs_ai_podcast/brendan_eich.png,https://www.youtube.com/watch?v=krB0enBeSiE,"JavaScript, Firefox, Mozilla, and Brave",https://lexfridman.com/brendan-eich,
https://lexfridman.com/files/thumbs_ai_podcast/richard_craib.png,https://www.youtube.com/watch?v=ziQSpuST6Es,"WallStreetBets, Numerai, and the Future of Stock Trading",https://lexfridman.com/richard-craib,
https://lexfridman.com/files/thumbs_ai_podcast/zev_weinstein.png,https://www.youtube.com/watch?v=QSPtSNqUCUw,The Next Generation of Big Ideas and Brave Minds,https://lexfridman.com/zev-weinstein,
https://lexfridman.com/files/thumbs_ai_podcast/natalya_bailey.png,https://www.youtube.com/watch?v=CejJ2aVRUE8,Rocket Engines and Electric Spacecraft Propulsion,https://lexfridman.com/natalya-bailey,
https://lexfridman.com/files/thumbs_ai_podcast/tim_dillon.png,https://www.youtube.com/watch?v=8wYZjOzfTUk,"Comedy, Power, Conspiracy Theories, and Freedom",https://lexfridman.com/tim-dillon,
https://lexfridman.com/files/thumbs_ai_podcast/max_tegmark_2.png,https://www.youtube.com/watch?v=RL4j4KPwNGM,AI and Physics,https://lexfridman.com/max-tegmark-2,
https://lexfridman.com/files/thumbs_ai_podcast/avi_loeb.png,https://www.youtube.com/watch?v=plcc6E-E1uU,"Aliens, Black Holes, and the Mystery of the Oumuamua",https://lexfridman.com/avi-loeb,
https://lexfridman.com/files/thumbs_ai_podcast/dmitry_korkin_2.png,https://www.youtube.com/watch?v=I51DuprOb0o,"Evolution of Proteins, Viruses, Life, and AI",https://lexfridman.com/dmitry-korkin-2,
https://lexfridman.com/files/thumbs_ai_podcast/dan_gable.png,https://www.youtube.com/watch?v=pRzelZlKl7E,"Olympic Wrestling, Mental Toughness & the Making of Champions",https://lexfridman.com/dan-gable,
https://lexfridman.com/files/thumbs_ai_podcast/dan_kokotov.png,https://www.youtube.com/watch?v=yTWa-Z1UQwU,Speech Recognition with AI and Humans,https://lexfridman.com/dan-kokotov,
https://lexfridman.com/files/thumbs_ai_podcast/michael_malice_2.png,https://www.youtube.com/watch?v=uykM3NhJbso,"Freedom, Hope, and Happiness Amidst Chaos",https://lexfridman.com/michael-malice-2,
https://lexfridman.com/files/thumbs_ai_podcast/diana_walsh_pasulka.png,https://www.youtube.com/watch?v=iqBh7G4uDR8,"Aliens, Technology, Religion & the Nature of Belief",https://lexfridman.com/diana-walsh-pasulka,
https://lexfridman.com/files/thumbs_ai_podcast/charles_isbell_and_michael_littman.png,https://www.youtube.com/watch?v=yzMVEbs8Zz0,Machine Learning and Education,https://lexfridman.com/charles-isbell-and-michael-littman,
https://lexfridman.com/files/thumbs_ai_podcast/dmitri_dolgov.png,https://www.youtube.com/watch?v=P6prRXkI5HM,Waymo and the Future of Self-Driving Cars,https://lexfridman.com/dmitri-dolgov,
https://lexfridman.com/files/thumbs_ai_podcast/michael_mina.png,https://www.youtube.com/watch?v=L-RuvUkcyJI,"Rapid Testing, Viruses, and the Engineering Mindset",https://lexfridman.com/michael-mina,
https://lexfridman.com/files/thumbs_ai_podcast/matthew_johnson.png,https://www.youtube.com/watch?v=ICj8p5jPd3Y,Psychedelics,https://lexfridman.com/matthew-johnson,
https://lexfridman.com/files/thumbs_ai_podcast/michael_littman.png,https://www.youtube.com/watch?v=c9AbECvRt20,Reinforcement Learning and the Future of AI,https://lexfridman.com/michael-littman,
https://lexfridman.com/files/thumbs_ai_podcast/john_clarke.png,https://www.youtube.com/watch?v=RvhpncC5jZ8,The Art of Fighting and the Pursuit of Excellence,https://lexfridman.com/john-clarke,
https://lexfridman.com/files/thumbs_ai_podcast/manolis_kellis_4.png,https://www.youtube.com/watch?v=bgNzUxyS-kQ,"Meaning of Life, the Universe, and Everything",https://lexfridman.com/manolis-kellis-4,
https://lexfridman.com/files/thumbs_ai_podcast/erik_brynjolfsson.png,https://www.youtube.com/watch?v=NOReE-3EBhI,"Economics of AI, Social Networks, and Technology",https://lexfridman.com/erik-brynjolfsson,
https://lexfridman.com/files/thumbs_ai_podcast/lisa_feldman_barrett_2.png,https://www.youtube.com/watch?v=S_AFc_BXht4,"Love, Evolution, and the Human Brain",https://lexfridman.com/lisa-feldman-barrett-2,
https://lexfridman.com/files/thumbs_ai_podcast/andrew_huberman.png,https://www.youtube.com/watch?v=Ktj050DxG7Q,Neuroscience of Optimal Performance,https://lexfridman.com/andrew-huberman,
https://lexfridman.com/files/thumbs_ai_podcast/yaron_brook.png,https://www.youtube.com/watch?v=SOr1YYRljV8,Ayn Rand and the Philosophy of Objectivism,https://lexfridman.com/yaron-brook,
https://lexfridman.com/files/thumbs_ai_podcast/alex_filippenko.png,https://www.youtube.com/watch?v=WxfA1OSev4c,"Supernovae, Dark Energy, Aliens & the Expanding Universe",https://lexfridman.com/alex-filippenko,
https://lexfridman.com/files/thumbs_ai_podcast/dan_carlin.png,https://www.youtube.com/watch?v=-k-ztNsBM54,Hardcore History,https://lexfridman.com/dan-carlin,
https://lexfridman.com/files/thumbs_ai_podcast/charles_isbell.png,https://www.youtube.com/watch?v=LAyZ8IYfGxQ,"Computing, Interactive AI, and Race in America",https://lexfridman.com/charles-isbell,
https://lexfridman.com/files/thumbs_ai_podcast/eric_weinstein_3.png,https://www.youtube.com/watch?v=o2nG7-eXxko,"On the Nature of Good and Evil, Genius and Madness",https://lexfridman.com/eric-weinstein-3,
https://lexfridman.com/files/thumbs_ai_podcast/manolis_kellis_3.png,https://www.youtube.com/watch?v=Aq9UPIXbtKI,Biology of Disease,https://lexfridman.com/manolis-kellis-3,
https://lexfridman.com/files/thumbs_ai_podcast/george_hotz_2.png,https://www.youtube.com/watch?v=_L3gNaAVjQ4,Hacking the Simulation & Learning to Drive with Neural Nets,https://lexfridman.com/george-hotz-2,
https://lexfridman.com/files/thumbs_ai_podcast/chris_lattner_2.png,https://www.youtube.com/watch?v=nWTvXbQHwWs,The Future of Computing and Programming Languages,https://lexfridman.com/chris-lattner-2,
https://lexfridman.com/files/thumbs_ai_podcast/scott_aaronson_2.png,https://www.youtube.com/watch?v=nAMjv0NAESM,Computational Complexity and Consciousness,https://lexfridman.com/scott-aaronson-2,
https://lexfridman.com/files/thumbs_ai_podcast/lisa_feldman_barrett.png,https://www.youtube.com/watch?v=NbdRIVCBqNI,Counterintuitive Ideas About How the Brain Works,https://lexfridman.com/lisa-feldman-barrett,
https://lexfridman.com/files/thumbs_ai_podcast/michael_malice.png,https://www.youtube.com/watch?v=BIk1zUy8ehU,"Anarchy, Democracy, Libertarianism, Love, and Trolling",https://lexfridman.com/michael-malice,
https://lexfridman.com/files/thumbs_ai_podcast/joe_rogan.png,https://www.youtube.com/watch?v=FKCJWkPehdY,"Fear, Love, Chaos, and the Joe Rogan Experience",https://lexfridman.com/joe-rogan,
https://lexfridman.com/files/thumbs_ai_podcast/james_gosling.png,https://www.youtube.com/watch?v=IT__Nrr3PNI,"Java, JVM, Emacs, and the Early Days of Computing",https://lexfridman.com/james-gosling,
https://lexfridman.com/files/thumbs_ai_podcast/ryan_hall.png,https://www.youtube.com/watch?v=hhEwWghH_XM,"Martial Arts and the Philosophy of Violence, Power, and Grace",https://lexfridman.com/ryan-hall,
https://lexfridman.com/files/thumbs_ai_podcast/stephen_wolfram_2.png,https://www.youtube.com/watch?v=-t1_ffaFXao,"Fundamental Theory of Physics, Life, and the Universe",https://lexfridman.com/stephen-wolfram-2,
https://lexfridman.com/files/thumbs_ai_podcast/manolis_kellis_2.png,https://www.youtube.com/watch?v=t06rkOOUa7g,"Origin of Life, Humans, Ideas, Suffering, and Happiness",https://lexfridman.com/manolis-kellis-2,
https://lexfridman.com/files/thumbs_ai_podcast/david_fravor.png,https://www.youtube.com/watch?v=aB8zcAttP1E,"UFOs, Aliens, Fighter Jets, and Aerospace Engineering",https://lexfridman.com/david-fravor,
https://lexfridman.com/files/thumbs_ai_podcast/eugenia_kuyda.png,https://www.youtube.com/watch?v=_AGPbvCDBCk,Friendship with an AI Companion,https://lexfridman.com/eugenia-kuyda,
https://lexfridman.com/files/thumbs_ai_podcast/francois_chollet_2.png,https://www.youtube.com/watch?v=PUAdj3w3wO4,Measures of Intelligence,https://lexfridman.com/francois-chollet-2,
https://lexfridman.com/files/thumbs_ai_podcast/david_eagleman.png,https://www.youtube.com/watch?v=386s-y1aRRo,Neuroplasticity and the Livewired Brain,https://lexfridman.com/david-eagleman,
https://lexfridman.com/files/thumbs_ai_podcast/grant_sanderson_2.png,https://www.youtube.com/watch?v=U_6AYX42gkU,"Math, Manim, Neural Networks & Teaching with 3Blue1Brown",https://lexfridman.com/grant-sanderson-2,
https://lexfridman.com/files/thumbs_ai_podcast/sheldon_solomon.png,https://www.youtube.com/watch?v=qfKyNxfyWbo,Death and Meaning,https://lexfridman.com/sheldon-solomon,
https://lexfridman.com/files/thumbs_ai_podcast/sara_seager.png,https://www.youtube.com/watch?v=-jA2ABHBc6Y,Search for Planets and Life Outside Our Solar System,https://lexfridman.com/sara-seager,
https://lexfridman.com/files/thumbs_ai_podcast/dileep_george.png,https://www.youtube.com/watch?v=tg_m_LxxRwM,Brain-Inspired AI,https://lexfridman.com/dileep-george,
https://lexfridman.com/files/thumbs_ai_podcast/russ_tedrake.png,https://www.youtube.com/watch?v=A22Ej6kb2wo,"Underactuated Robotics, Control, Dynamics and Touch",https://lexfridman.com/russ-tedrake,
https://lexfridman.com/files/thumbs_ai_podcast/manolis_kellis.png,https://www.youtube.com/watch?v=brslF-Cy3HU,Human Genome and Evolutionary Dynamics,https://lexfridman.com/manolis-kellis,
https://lexfridman.com/files/thumbs_ai_podcast/ian_hutchinson.png,https://www.youtube.com/watch?v=pDSEjaDCtOU,"Nuclear Fusion, Plasma Physics, and Religion",https://lexfridman.com/ian-hutchinson,
https://lexfridman.com/files/thumbs_ai_podcast/richard_karp.png,https://www.youtube.com/watch?v=KllCrlfLuzs,Algorithms and Computational Complexity,https://lexfridman.com/richard-karp,
https://lexfridman.com/files/thumbs_ai_podcast/jitendra_malik.png,https://www.youtube.com/watch?v=LRYkH-fAVGE,Computer Vision,https://lexfridman.com/jitendra-malik,
https://lexfridman.com/files/thumbs_ai_podcast/brian_kernighan.png,https://www.youtube.com/watch?v=O9upVbGSBFo,"UNIX, C, AWK, AMPL, and Go Programming",https://lexfridman.com/brian-kernighan,
https://lexfridman.com/files/thumbs_ai_podcast/sergey_levine.png,https://www.youtube.com/watch?v=kxi-_TT_-Nc,Robotics and Machine Learning,https://lexfridman.com/sergey-levine,
https://lexfridman.com/files/thumbs_ai_podcast/peter_singer.png,https://www.youtube.com/watch?v=llh-2pqSGrs,"Suffering in Humans, Animals, and AI",https://lexfridman.com/peter-singer,
https://lexfridman.com/files/thumbs_ai_podcast/matt_botvinick.png,https://www.youtube.com/watch?v=3t06ajvBtl0,"Neuroscience, Psychology, and AI at DeepMind",https://lexfridman.com/matt-botvinick,
https://lexfridman.com/files/thumbs_ai_podcast/robert_langer.png,https://www.youtube.com/watch?v=9LQffCdHHlQ,Edison of Medicine,https://lexfridman.com/robert-langer,
https://lexfridman.com/files/thumbs_ai_podcast/david_patterson.png,https://www.youtube.com/watch?v=naed4C4hfAg,Computer Architecture and Data Storage,https://lexfridman.com/david-patterson,
https://lexfridman.com/files/thumbs_ai_podcast/ben_goertzel.png,https://www.youtube.com/watch?v=OpSmCKe27WE,Artificial General Intelligence,https://lexfridman.com/ben-goertzel,
https://lexfridman.com/files/thumbs_ai_podcast/steven_pressfield.png,https://www.youtube.com/watch?v=PgtedwKGhXs,The War of Art,https://lexfridman.com/steven-pressfield,
https://lexfridman.com/files/thumbs_ai_podcast/joscha_bach.png,https://www.youtube.com/watch?v=P-2P3MSZrBM,Artificial Consciousness and the Nature of Reality,https://lexfridman.com/joscha-bach,
https://lexfridman.com/files/thumbs_ai_podcast/karl_friston.png,https://www.youtube.com/watch?v=NwzuibY5kUs,Neuroscience and the Free Energy Principle,https://lexfridman.com/karl-friston,
https://lexfridman.com/files/thumbs_ai_podcast/kate_darling.png,https://www.youtube.com/watch?v=7KTbEn7PiaY,Social Robotics,https://lexfridman.com/kate-darling,
https://lexfridman.com/files/thumbs_ai_podcast/sertac_karaman.png,https://www.youtube.com/watch?v=M1-v-dXIzho,Robots That Fly and Robots That Drive,https://lexfridman.com/sertac-karaman,
https://lexfridman.com/files/thumbs_ai_podcast/stephen_schwarzman.png,https://www.youtube.com/watch?v=aYwDs9LTN50,"Going Big in Business, Investing, and AI",https://lexfridman.com/stephen-schwarzman,
https://lexfridman.com/files/thumbs_ai_podcast/dawn_song.png,https://www.youtube.com/watch?v=HhY95m-WD_E,Adversarial Machine Learning and Computer Security,https://lexfridman.com/dawn-song,
https://lexfridman.com/files/thumbs_ai_podcast/ilya_sutskever.png,https://www.youtube.com/watch?v=13CZPWmke6A,Deep Learning,https://lexfridman.com/ilya-sutskever,
https://lexfridman.com/files/thumbs_ai_podcast/daphne_koller.png,https://www.youtube.com/watch?v=xlMTWfkQqbY,Biomedicine and Machine Learning,https://lexfridman.com/daphne-koller,
https://lexfridman.com/files/thumbs_ai_podcast/harry_cliff.png,https://www.youtube.com/watch?v=8A-5gIW0-eI,Particle Physics and the Large Hadron Collider,https://lexfridman.com/harry-cliff,
https://lexfridman.com/files/thumbs_ai_podcast/jack_dorsey.png,https://www.youtube.com/watch?v=60KJz1BVTyU,"Square, Cryptocurrency, and Artificial Intelligence",https://lexfridman.com/jack-dorsey,
https://lexfridman.com/files/thumbs_ai_podcast/dmitry_korkin.png,https://www.youtube.com/watch?v=CwyOUS8TSl0,Computational Biology of Coronavirus,https://lexfridman.com/dmitry-korkin,
https://lexfridman.com/files/thumbs_ai_podcast/stephen_wolfram.png,https://www.youtube.com/watch?v=ez773teNFYA,"Cellular Automata, Computation, and Physics",https://lexfridman.com/stephen-wolfram,
https://lexfridman.com/files/thumbs_ai_podcast/eric_weinstein_2.png,https://www.youtube.com/watch?v=rIAZJNe7YtE,Geometric Unity and the Call for New Ideas & Institutions,https://lexfridman.com/eric-weinstein-2,
https://lexfridman.com/files/thumbs_ai_podcast/richard_dawkins.png,https://www.youtube.com/watch?v=5f-JlzBuUUU,"Evolution, Intelligence, Simulation, and Memes",https://lexfridman.com/richard-dawkins,
https://lexfridman.com/files/thumbs_ai_podcast/david_silver.png,https://www.youtube.com/watch?v=uPUEq8d73JI,"AlphaGo, AlphaZero, and Deep Reinforcement Learning",https://lexfridman.com/david-silver,
https://lexfridman.com/files/thumbs_ai_podcast/roger_penrose.png,https://www.youtube.com/watch?v=orMtwOz6Db0,Physics of Consciousness and the Infinite Universe,https://lexfridman.com/roger-penrose,
https://lexfridman.com/files/thumbs_ai_podcast/william_macaskill.png,https://www.youtube.com/watch?v=NvsI8ijW8xU,Effective Altruism,https://lexfridman.com/william-macaskill,
https://lexfridman.com/files/thumbs_ai_podcast/nick_bostrom.png,https://www.youtube.com/watch?v=rfKiTGj-zeQ,Simulation and Superintelligence,https://lexfridman.com/nick-bostrom,
https://lexfridman.com/files/thumbs_ai_podcast/simon_sinek.png,https://www.youtube.com/watch?v=_TTNGq9djU4,"Leadership, Hard Work, Optimism and the Infinite Game",https://lexfridman.com/simon-sinek,
https://lexfridman.com/files/thumbs_ai_podcast/anca_dragan.png,https://www.youtube.com/watch?v=iOCfIFBBpVY,Human-Robot Interaction and Reward Engineering,https://lexfridman.com/anca-dragan,
https://lexfridman.com/files/thumbs_ai_podcast/vitalik_buterin.png,https://www.youtube.com/watch?v=3x1b_S6Qp2Q,"Ethereum, Cryptocurrency, and the Future of Money",https://lexfridman.com/vitalik-buterin,
https://lexfridman.com/files/thumbs_ai_podcast/lee_smolin.png,https://www.youtube.com/watch?v=WgLo4gmEraU,Quantum Gravity and Einstein's Unfinished Revolution,https://lexfridman.com/lee-smolin,
https://lexfridman.com/files/thumbs_ai_podcast/ann_druyan.png,https://www.youtube.com/watch?v=7jFdxd1qX2g,"Cosmos, Carl Sagan, Voyager, and the Beauty of Science",https://lexfridman.com/ann-druyan,
https://lexfridman.com/files/thumbs_ai_podcast/alex_garland.png,https://www.youtube.com/watch?v=gU-mkuMU428,"Ex Machina, Devs, Annihilation, and the Poetry of Science",https://lexfridman.com/alex-garland,
https://lexfridman.com/files/thumbs_ai_podcast/john_hopfield.png,https://www.youtube.com/watch?v=DKyzcbNr8WE,Physics View of the Mind and Neurobiology,https://lexfridman.com/john-hopfield,
https://lexfridman.com/files/thumbs_ai_podcast/marcus_hutter.png,https://www.youtube.com/watch?v=E1AxVXt2Gv4,"Universal Artificial Intelligence, AIXI, and AGI",https://lexfridman.com/marcus-hutter,
https://lexfridman.com/files/thumbs_ai_podcast/michael_i_jordan.png,https://www.youtube.com/watch?v=EYIKy_FM9x0,"Machine Learning, Recommender Systems, and Future of AI",https://lexfridman.com/michael-i-jordan,
https://lexfridman.com/files/thumbs_ai_podcast/andrew_ng.png,https://www.youtube.com/watch?v=0jspaMLxBig,"Deep Learning, Education, and Real-World AI",https://lexfridman.com/andrew-ng,
https://lexfridman.com/files/thumbs_ai_podcast/scott_aaronson.png,https://www.youtube.com/watch?v=uX5t8EivCaM,Quantum Computing,https://lexfridman.com/scott-aaronson,
https://lexfridman.com/files/thumbs_ai_podcast/vladimir_vapnik_2.png,https://www.youtube.com/watch?v=bQa7hpUpMzM,"Predicates, Invariants, and the Essence of Intelligence",https://lexfridman.com/vladimir-vapnik-2,
https://lexfridman.com/files/thumbs_ai_podcast/jim_keller.png,https://www.youtube.com/watch?v=Nb2tebYAaOA,"Moore's Law, Microprocessors, and First Principles",https://lexfridman.com/jim-keller,
https://lexfridman.com/files/thumbs_ai_podcast/david_chalmers.png,https://www.youtube.com/watch?v=LW59lMvxmY4,The Hard Problem of Consciousness,https://lexfridman.com/david-chalmers,
https://lexfridman.com/files/thumbs_ai_podcast/cristos_goodrow.png,https://www.youtube.com/watch?v=nkWmiNRPU-c,YouTube Algorithm,https://lexfridman.com/cristos-goodrow,
https://lexfridman.com/files/thumbs_ai_podcast/paul_krugman.png,https://www.youtube.com/watch?v=OJQepiqSWvg,"Economics of Innovation, Automation, Safety Nets & UBI",https://lexfridman.com/paul-krugman,
https://lexfridman.com/files/thumbs_ai_podcast/ayanna_howard.png,https://www.youtube.com/watch?v=J21-7AsUcgM,Human-Robot Interaction & Ethics of Safety-Critical Systems,https://lexfridman.com/ayanna-howard,
https://lexfridman.com/files/thumbs_ai_podcast/daniel_kahneman.png,https://www.youtube.com/watch?v=UwwBG-MbniY,"Thinking Fast and Slow, Deep Learning, and AI",https://lexfridman.com/daniel-kahneman,
https://lexfridman.com/files/thumbs_ai_podcast/grant_sanderson.png,https://www.youtube.com/watch?v=U_lKUK2MCsg,3Blue1Brown and the Beauty of Mathematics,https://lexfridman.com/grant-sanderson,
https://lexfridman.com/files/thumbs_ai_podcast/stephen_kotkin.png,https://www.youtube.com/watch?v=oCkkjnpS2f8,"Stalin, Putin, and the Nature of Power",https://lexfridman.com/stephen-kotkin,
https://lexfridman.com/files/thumbs_ai_podcast/donald_knuth.png,https://www.youtube.com/watch?v=2BdBfsXbST8,"Algorithms, Complexity, and The Art of Computer Programming",https://lexfridman.com/donald-knuth,
https://lexfridman.com/files/thumbs_ai_podcast/melanie_mitchell.png,https://www.youtube.com/watch?v=ImKkaeUx1MU,"Concepts, Analogies, Common Sense & Future of AI",https://lexfridman.com/melanie-mitchell,
https://lexfridman.com/files/thumbs_ai_podcast/jim_gates.png,https://www.youtube.com/watch?v=IUHkhB366tE,"Supersymmetry, String Theory and Proving Einstein Right",https://lexfridman.com/jim-gates,
https://lexfridman.com/files/thumbs_ai_podcast/sebastian_thrun.png,https://www.youtube.com/watch?v=ZPPAOakITeQ,"Flying Cars, Autonomous Vehicles, and Education",https://lexfridman.com/sebastian-thrun,
https://lexfridman.com/files/thumbs_ai_podcast/michael_stevens.png,https://www.youtube.com/watch?v=3qMemn__kK8,Vsauce,https://lexfridman.com/michael-stevens,
https://lexfridman.com/files/thumbs_ai_podcast/rohit_prasad.png,https://www.youtube.com/watch?v=Ad89JYS-uZM,Amazon Alexa and Conversational AI,https://lexfridman.com/rohit-prasad,
https://lexfridman.com/files/thumbs_ai_podcast/judea_pearl.png,https://www.youtube.com/watch?v=pEBI0vF45ic,"Causal Reasoning, Counterfactuals, and the Path to AGI",https://lexfridman.com/judea-pearl,
https://lexfridman.com/files/thumbs_ai_podcast/whitney_cummings.png,https://www.youtube.com/watch?v=0-3kw5BEKB8,"Comedy, Robotics, Neurology, and Love",https://lexfridman.com/whitney-cummings,
https://lexfridman.com/files/thumbs_ai_podcast/ray_dalio.png,https://www.youtube.com/watch?v=M95m2EFb7IQ,"Principles, the Economic Machine, AI & the Arc of Life",https://lexfridman.com/ray-dalio,
https://lexfridman.com/files/thumbs_ai_podcast/noam_chomsky.png,https://www.youtube.com/watch?v=cMscNuSUy0I,"Language, Cognition, and Deep Learning",https://lexfridman.com/noam-chomsky,
https://lexfridman.com/files/thumbs_ai_podcast/gilbert_strang.png,https://www.youtube.com/watch?v=lEZPfmGCEk0,"Linear Algebra, Teaching, and MIT OpenCourseWare",https://lexfridman.com/gilbert-strang,
https://lexfridman.com/files/thumbs_ai_podcast/dava_newman.png,https://www.youtube.com/watch?v=2fI6bYnRgSc,"Space Exploration, Space Suits, and Life on Mars",https://lexfridman.com/dava-newman,
https://lexfridman.com/files/thumbs_ai_podcast/michael_kearns.png,https://www.youtube.com/watch?v=AzdxbzHtjgs,"Algorithmic Fairness, Privacy & Ethics",https://lexfridman.com/michael-kearns,
https://lexfridman.com/files/thumbs_ai_podcast/elon_musk_2.png,https://www.youtube.com/watch?v=smK9dgdTl40,"Neuralink, AI, Autopilot, and the Pale Blue Dot",https://lexfridman.com/elon-musk-2,
https://lexfridman.com/files/thumbs_ai_podcast/bjarne_stroustrup.png,https://www.youtube.com/watch?v=uTxRF5ag27A,C++,https://lexfridman.com/bjarne-stroustrup,
https://lexfridman.com/files/thumbs_ai_podcast/sean_carroll_2.png,https://www.youtube.com/watch?v=iNqqOLscOBY,Quantum Mechanics and the Many-Worlds Interpretation,https://lexfridman.com/sean-carroll-2,
https://lexfridman.com/files/thumbs_ai_podcast/garry_kasparov.png,https://www.youtube.com/watch?v=8RVa0THWUWw,"Chess, Deep Blue, AI, and Putin",https://lexfridman.com/garry-kasparov,
https://lexfridman.com/files/thumbs_ai_podcast/michio_kaku.png,https://www.youtube.com/watch?v=kD5yc1LQrpQ,"Future of Humans, Aliens, Space Travel & Physics",https://lexfridman.com/michio-kaku,
https://lexfridman.com/files/thumbs_ai_podcast/david_ferrucci.png,https://www.youtube.com/watch?v=Whtt2H5_isM,"IBM Watson, Jeopardy & Deep Conversations with AI",https://lexfridman.com/david-ferrucci,
https://lexfridman.com/files/thumbs_ai_podcast/gary_marcus.png,https://www.youtube.com/watch?v=vNOTDn3D_RI,Toward a Hybrid of Deep Learning and Symbolic AI,https://lexfridman.com/gary-marcus,
https://lexfridman.com/files/thumbs_ai_podcast/peter_norvig.png,https://www.youtube.com/watch?v=_VPxEcT_Adc,Artificial Intelligence: A Modern Approach,https://lexfridman.com/peter-norvig,
https://lexfridman.com/files/thumbs_ai_podcast/leonard_susskind.png,https://www.youtube.com/watch?v=s78hvV3QLUE,"Quantum Mechanics, String Theory and Black Holes",https://lexfridman.com/leonard-susskind,
https://lexfridman.com/files/thumbs_ai_podcast/regina_barzilay.png,https://www.youtube.com/watch?v=x0-zGdlpTeg,Deep Learning for Cancer Diagnosis and Treatment,https://lexfridman.com/regina-barzilay,
https://lexfridman.com/files/thumbs_ai_podcast/colin_angle.png,https://www.youtube.com/watch?v=1d9Dj9dT_pw,iRobot CEO,https://lexfridman.com/colin-angle,
https://lexfridman.com/files/thumbs_ai_podcast/francois_chollet.png,https://www.youtube.com/watch?v=Bo8MY4JpiXE,"Keras, Deep Learning, and the Progress of AI",https://lexfridman.com/francois-chollet,
https://lexfridman.com/files/thumbs_ai_podcast/vijay_kumar.png,https://www.youtube.com/watch?v=HYsLTNXMl1Q,Flying Robots,https://lexfridman.com/vijay-kumar,
https://lexfridman.com/files/thumbs_ai_podcast/yann_lecun.png,https://www.youtube.com/watch?v=SGSOCuByo24,"Deep Learning, ConvNets, and Self-Supervised Learning",https://lexfridman.com/yann-lecun,
https://lexfridman.com/files/thumbs_ai_podcast/jeremy_howard.png,https://www.youtube.com/watch?v=J6XcP4JOHmk,fast.ai Deep Learning Courses and Research,https://lexfridman.com/jeremy-howard,
https://lexfridman.com/files/thumbs_ai_podcast/pamela_mccorduck.png,https://www.youtube.com/watch?v=i6rnzk8VU24,Machines Who Think and the Early Days of AI,https://lexfridman.com/pamela-mccorduck,
https://lexfridman.com/files/thumbs_ai_podcast/keoki_jackson.png,https://www.youtube.com/watch?v=anXep8kBOCg,Lockheed Martin,https://lexfridman.com/keoki-jackson,
https://lexfridman.com/files/thumbs_ai_podcast/paola_arlotta.png,https://www.youtube.com/watch?v=lVHRs3uTHNI,Brain Development from Stem Cell to Organoid,https://lexfridman.com/paola-arlotta,
https://lexfridman.com/files/thumbs_ai_podcast/george_hotz.png,https://www.youtube.com/watch?v=iwcYp-XT7UI,"Comma.ai, OpenPilot, and Autonomous Vehicles",https://lexfridman.com/george-hotz,
https://lexfridman.com/files/thumbs_ai_podcast/kevin_scott.png,https://www.youtube.com/watch?v=QDN6xvhAw94,Microsoft CTO,https://lexfridman.com/kevin-scott,
https://lexfridman.com/files/thumbs_ai_podcast/gustav_soderstrom.png,https://www.youtube.com/watch?v=v-9Mpe7NhkM,Spotify,https://lexfridman.com/gustav-soderstrom,
https://lexfridman.com/files/thumbs_ai_podcast/chris_urmson.png,https://www.youtube.com/watch?v=Tj6NOfdfa4o,"Self-Driving Cars at Aurora, Google, CMU, and DARPA",https://lexfridman.com/chris-urmson,
https://lexfridman.com/files/thumbs_ai_podcast/kai_fu_lee.png,https://www.youtube.com/watch?v=cQ48rP_Rs4g,AI Superpowers - China and Silicon Valley,https://lexfridman.com/kai-fu-lee,
https://lexfridman.com/files/thumbs_ai_podcast/sean_carroll.png,https://www.youtube.com/watch?v=l-NJrvyRo0c,"The Nature of the Universe, Life, and Intelligence",https://lexfridman.com/sean-carroll,
https://lexfridman.com/files/thumbs_ai_podcast/jeff_hawkins.png,https://www.youtube.com/watch?v=-EVqrDlAqYo,Thousand Brains Theory of Intelligence,https://lexfridman.com/jeff-hawkins,
https://lexfridman.com/files/thumbs_ai_podcast/rosalind_picard.png,https://www.youtube.com/watch?v=kq0VO1FqE6I,"Affective Computing, Emotion, Privacy, and Health",https://lexfridman.com/rosalind-picard,
https://lexfridman.com/files/thumbs_ai_podcast/gavin_miller.png,https://www.youtube.com/watch?v=q0mokx-iiws,Adobe Research,https://lexfridman.com/gavin-miller,
https://lexfridman.com/files/thumbs_ai_podcast/rajat_monga.png,https://www.youtube.com/watch?v=NERNE4UThHU,TensorFlow,https://lexfridman.com/rajat-monga,
https://lexfridman.com/files/thumbs_ai_podcast/chris_lattner.png,https://www.youtube.com/watch?v=yCd3CzGSte8,"Compilers, LLVM, Swift, TPU, and ML Accelerators",https://lexfridman.com/chris-lattner,
https://lexfridman.com/files/thumbs_ai_podcast/oriol_vinyals.png,https://www.youtube.com/watch?v=Kedt2or9xlo,"DeepMind AlphaStar, StarCraft, and Language",https://lexfridman.com/oriol-vinyals,
https://lexfridman.com/files/thumbs_ai_podcast/ian_goodfellow.png,https://www.youtube.com/watch?v=Z6rxFNMGdn0,Generative Adversarial Networks (GANs),https://lexfridman.com/ian-goodfellow,
https://lexfridman.com/files/thumbs_ai_podcast/elon_musk.png,https://www.youtube.com/watch?v=dEv99vxKjVI,Tesla Autopilot,https://lexfridman.com/elon-musk,
https://lexfridman.com/files/thumbs_ai_podcast/greg_brockman.png,https://www.youtube.com/watch?v=bIrEM2FbOLU,OpenAI and AGI,https://lexfridman.com/greg-brockman,
https://lexfridman.com/files/thumbs_ai_podcast/eric_weinstein.png,https://www.youtube.com/watch?v=2wq9x2QcZN0,"Revolutionary Ideas in Science, Math, and Society",https://lexfridman.com/eric-weinstein,
https://lexfridman.com/files/thumbs_ai_podcast/leslie_kaelbling.png,https://www.youtube.com/watch?v=Er7Dy8rvqOc,"Reinforcement Learning, Planning, and Robotics",https://lexfridman.com/leslie-kaelbling,
https://lexfridman.com/files/thumbs_ai_podcast/kyle_vogt.png,https://www.youtube.com/watch?v=YUYagvESisE,Cruise Automation,https://lexfridman.com/kyle-vogt,
https://lexfridman.com/files/thumbs_ai_podcast/tomaso_poggio.png,https://www.youtube.com/watch?v=aSyZvBrPAyk,"Brains, Minds, and Machines",https://lexfridman.com/tomaso-poggio,
https://lexfridman.com/files/thumbs_ai_podcast/tuomas_sandholm.png,https://www.youtube.com/watch?v=b7bStIQovcY,Poker and Game Theory,https://lexfridman.com/tuomas-sandholm,
https://lexfridman.com/files/thumbs_ai_podcast/juergen_schmidhuber.png,https://www.youtube.com/watch?v=3FIo6evmweo,"Godel Machines, Meta-Learning, and LSTMs",https://lexfridman.com/juergen-schmidhuber,
https://lexfridman.com/files/thumbs_ai_podcast/pieter_abbeel.png,https://www.youtube.com/watch?v=l-mYLq6eZPY,Deep Reinforcement Learning,https://lexfridman.com/pieter-abbeel,
https://lexfridman.com/files/thumbs_ai_podcast/stuart_russell.png,https://www.youtube.com/watch?v=KsZI5oXBC0k,Long-Term Future of Artificial Intelligence,https://lexfridman.com/stuart-russell,
https://lexfridman.com/files/thumbs_ai_podcast/eric_schmidt.png,https://www.youtube.com/watch?v=hIC9FQpxVwQ,Google,https://lexfridman.com/eric-schmidt,
https://lexfridman.com/files/thumbs_ai_podcast/jeff_atwood.png,https://www.youtube.com/watch?v=KZkYSSE8HHI,Stack Overflow and Coding Horror,https://lexfridman.com/jeff-atwood,
https://lexfridman.com/files/thumbs_ai_podcast/guido_van_rossum.png,https://www.youtube.com/watch?v=ghwaIiE3Nd8,Python,https://lexfridman.com/guido-van-rossum,
https://lexfridman.com/files/thumbs_ai_podcast/vladimir_vapnik.png,https://www.youtube.com/watch?v=STFcvzoxVw4,Statistical Learning,https://lexfridman.com/vladimir-vapnik,
https://lexfridman.com/files/thumbs_ai_podcast/yoshua_bengio.png,https://www.youtube.com/watch?v=azOmzumh0vQ,Deep Learning,https://lexfridman.com/yoshua-bengio,
https://lexfridman.com/files/thumbs_ai_podcast/steven_pinker.png,https://www.youtube.com/watch?v=epQxfSp-rdU,AI in the Age of Reason,https://lexfridman.com/steven-pinker,
https://lexfridman.com/files/thumbs_ai_podcast/christof_koch.png,https://www.youtube.com/watch?v=piHkfmeU7Wo,Consciousness,https://lexfridman.com/christof-koch,
https://lexfridman.com/files/thumbs_ai_podcast/max_tegmark.png,https://www.youtube.com/watch?v=Gi8LUnhP5yU,Life 3.0,https://lexfridman.com/max-tegmark,
