id,thumb,title,person,episode,youtube,transcript
441,https://lexfridman.com/files/thumbs_ai_podcast/cenk_uygur.png,"Trump vs Harris, Progressive Politics, Communism & Capitalism",Cenk Uygur,https://lexfridman.com/cenk-uygur,https://www.youtube.com/watch?v=QJtPROVsePk,https://lexfridman.com/cenk-uygur-transcript
440,https://lexfridman.com/files/thumbs_ai_podcast/pieter_levels.png,"Programming, Viral AI Startups, and Digital Nomad Life",Pieter Levels,https://lexfridman.com/pieter-levels,https://www.youtube.com/watch?v=oFtjKbXKqbg,https://lexfridman.com/pieter-levels-transcript
439,https://lexfridman.com/files/thumbs_ai_podcast/craig_jones_2.png,"Jiu Jitsu, $2 Million Prize, CJI, ADCC, Ukraine & Trolling",Craig Jones,https://lexfridman.com/craig-jones-2,https://www.youtube.com/watch?v=J7aiEwp1x9k,https://lexfridman.com/craig-jones-2-transcript
438,https://lexfridman.com/files/thumbs_ai_podcast/elon_musk_and_neuralink_team.png,Neuralink and the Future of Humanity,Elon Musk and Neuralink Team,https://lexfridman.com/elon-musk-and-neuralink-team,https://www.youtube.com/watch?v=Kbk9BiPhm7o,https://lexfridman.com/elon-musk-and-neuralink-team-transcript
437,https://lexfridman.com/files/thumbs_ai_podcast/jordan_jonas.png,"Survival, Hunting, Siberia, God, and Winning Alone Season 6",Jordan Jonas,https://lexfridman.com/jordan-jonas,https://www.youtube.com/watch?v=WA9gVKKPsBo,https://lexfridman.com/jordan-jonas-transcript
436,https://lexfridman.com/files/thumbs_ai_podcast/ivanka_trump.png,"Politics, Family, Real Estate, Fashion, Music, and Life",Ivanka Trump,https://lexfridman.com/ivanka-trump,https://www.youtube.com/watch?v=2oxdDKHdcM8,https://lexfridman.com/ivanka-trump-transcript
435,https://lexfridman.com/files/thumbs_ai_podcast/andrew_huberman_5.png,"Focus, Controversy, Politics, and Relationships",Andrew Huberman,https://lexfridman.com/andrew-huberman-5,https://www.youtube.com/watch?v=ZIyB9e_7a4c,https://lexfridman.com/andrew-huberman-5-transcript
434,https://lexfridman.com/files/thumbs_ai_podcast/aravind_srinivas.png,"Perplexity CEO on Future of AI, Search & the Internet",Aravind Srinivas,https://lexfridman.com/aravind-srinivas,https://www.youtube.com/watch?v=e-gwvmhyU7A,https://lexfridman.com/aravind-srinivas-transcript
433,https://lexfridman.com/files/thumbs_ai_podcast/sara_walker_3.png,"Physics of Life, Time, Complexity, and Aliens",Sara Walker,https://lexfridman.com/sara-walker-3,https://www.youtube.com/watch?v=wwhTfyX9J34,https://lexfridman.com/sara-walker-3-transcript
432,https://lexfridman.com/files/thumbs_ai_podcast/kevin_spacey.png,"Power, Controversy, Betrayal, Truth & Love in Film and Life",Kevin Spacey,https://lexfridman.com/kevin-spacey,https://www.youtube.com/watch?v=XJTMQtE-MIo,https://lexfridman.com/kevin-spacey-transcript
431,https://lexfridman.com/files/thumbs_ai_podcast/roman_yampolskiy.png,Dangers of Superintelligent AI,Roman Yampolskiy,https://lexfridman.com/roman-yampolskiy,https://www.youtube.com/watch?v=NNr6gPelJ3E,https://lexfridman.com/roman-yampolskiy-transcript
430,https://lexfridman.com/files/thumbs_ai_podcast/charan_ranganath.png,"Human Memory, Imagination, Deja Vu, and False Memories",Charan Ranganath,https://lexfridman.com/charan-ranganath,https://www.youtube.com/watch?v=4iuepdI3wCU,https://lexfridman.com/charan-ranganath-transcript
429,https://lexfridman.com/files/thumbs_ai_podcast/paul_rosolie_2.png,"Jungle, Apex Predators, Aliens, Uncontacted Tribes, and God",Paul Rosolie,https://lexfridman.com/paul-rosolie-2,https://www.youtube.com/watch?v=pwN8u6HFH8U,https://lexfridman.com/paul-rosolie-2-transcript
428,https://lexfridman.com/files/thumbs_ai_podcast/sean_carroll_3.png,"General Relativity, Quantum Mechanics, Black Holes & Aliens",Sean Carroll,https://lexfridman.com/sean-carroll-3,https://www.youtube.com/watch?v=tdv7r2JSokI,https://lexfridman.com/sean-carroll-3-transcript
427,https://lexfridman.com/files/thumbs_ai_podcast/neil_adams.png,"Judo, Olympics, Winning, Losing, and the Champion Mindset",Neil Adams,https://lexfridman.com/neil-adams,https://www.youtube.com/watch?v=TXabC2Ave74,https://lexfridman.com/neil-adams-transcript
426,https://lexfridman.com/files/thumbs_ai_podcast/edward_gibson.png,"Human Language, Psycholinguistics, Syntax, Grammar & LLMs",Edward Gibson,https://lexfridman.com/edward-gibson,https://www.youtube.com/watch?v=F3Jd9GI6XqE,https://lexfridman.com/edward-gibson-transcript
425,https://lexfridman.com/files/thumbs_ai_podcast/andrew_callaghan.png,"Channel 5, Gonzo, QAnon, O-Block, Politics & Alex Jones",Andrew Callaghan,https://lexfridman.com/andrew-callaghan,https://www.youtube.com/watch?v=yEou104m_P0,https://lexfridman.com/andrew-callaghan-transcript
424,https://lexfridman.com/files/thumbs_ai_podcast/bassem_youssef.png,"Israel-Palestine, Gaza, Hamas, Middle East, Satire & Fame",Bassem Youssef,https://lexfridman.com/bassem-youssef,https://www.youtube.com/watch?v=sG8u6owzad4,https://lexfridman.com/bassem-youssef-transcript
423,https://lexfridman.com/files/thumbs_ai_podcast/tulsi_gabbard.png,"War, Politics, and the Military Industrial Complex",Tulsi Gabbard,https://lexfridman.com/tulsi-gabbard,https://www.youtube.com/watch?v=_El9riy9Zjw,https://lexfridman.com/tulsi-gabbard-transcript
422,https://lexfridman.com/files/thumbs_ai_podcast/mark_cuban.png,"Shark Tank, DEI & Wokeism Debate, Elon Musk, Politics & Drugs",Mark Cuban,https://lexfridman.com/mark-cuban,https://www.youtube.com/watch?v=0cn3VBjfN8g,https://lexfridman.com/mark-cuban-transcript
421,https://lexfridman.com/files/thumbs_ai_podcast/dana_white.png,"UFC, Fighting, Khabib, Conor, Tyson, Ali, Rogan, Elon & Zuck",Dana White,https://lexfridman.com/dana-white,https://www.youtube.com/watch?v=k7aQEqDbuf8,https://lexfridman.com/dana-white-transcript
420,https://lexfridman.com/files/thumbs_ai_podcast/annie_jacobsen.png,"Nuclear War, CIA, KGB, Aliens, Area 51, Roswell & Secrecy",Annie Jacobsen,https://lexfridman.com/annie-jacobsen,https://www.youtube.com/watch?v=GXgGR8KxFao,https://lexfridman.com/annie-jacobsen-transcript
419,https://lexfridman.com/files/thumbs_ai_podcast/sam_altman_2.png,"OpenAI, GPT-5, Sora, Board Saga, Elon Musk, Ilya, Power & AGI",Sam Altman,https://lexfridman.com/sam-altman-2,https://www.youtube.com/watch?v=jvqFAi7vkBc,https://lexfridman.com/sam-altman-2-transcript
418,https://lexfridman.com/files/thumbs_ai_podcast/israel_palestine_debate.png,"Finkelstein, Destiny, M. Rabbani & Benny Morris",Israel-Palestine Debate,https://lexfridman.com/israel-palestine-debate,https://www.youtube.com/watch?v=1X_KdkoGxSs,https://lexfridman.com/israel-palestine-debate-transcript
417,https://lexfridman.com/files/thumbs_ai_podcast/kimbal_musk.png,"The Art of Cooking, Tesla, SpaceX, Zip2, and Family",Kimbal Musk,https://lexfridman.com/kimbal-musk,https://www.youtube.com/watch?v=iAlwZyRUOVM,https://lexfridman.com/kimbal-musk-transcript
416,https://lexfridman.com/files/thumbs_ai_podcast/yann_lecun_3.png,"Meta AI, Open Source, Limits of LLMs, AGI & the Future of AI",Yann LeCun,https://lexfridman.com/yann-lecun-3,https://www.youtube.com/watch?v=5t1vTLU7s40,https://lexfridman.com/yann-lecun-3-transcript
415,https://lexfridman.com/files/thumbs_ai_podcast/serhii_plokhy.png,"History of Ukraine, Russia, Soviet Union, KGB, Nazis & War",Serhii Plokhy,https://lexfridman.com/serhii-plokhy,https://www.youtube.com/watch?v=qa-wl8_wpZA,https://lexfridman.com/serhii-plokhy-transcript
414,https://lexfridman.com/files/thumbs_ai_podcast/tucker_carlson.png,"Putin, Navalny, Trump, CIA, NSA, War, Politics & Freedom",Tucker Carlson,https://lexfridman.com/tucker-carlson,https://www.youtube.com/watch?v=f_lRdkH_QoY,https://lexfridman.com/tucker-carlson-transcript
413,https://lexfridman.com/files/thumbs_ai_podcast/bill_ackman.png,"Investing, Financial Battles, Harvard, DEI, X & Free Speech",Bill Ackman,https://lexfridman.com/bill-ackman,https://www.youtube.com/watch?v=PgGKhsWhUu8,https://lexfridman.com/bill-ackman-transcript
412,https://lexfridman.com/files/thumbs_ai_podcast/marc_raibert.png,Boston Dynamics and the Future of Robotics,Marc Raibert,https://lexfridman.com/marc-raibert,https://www.youtube.com/watch?v=5VnbBCm_ZyQ,https://lexfridman.com/marc-raibert-transcript
411,https://lexfridman.com/files/thumbs_ai_podcast/omar_suleiman_2.png,"Palestine, Gaza, Oct 7, Israel, Resistance, Faith & Islam",Omar Suleiman,https://lexfridman.com/omar-suleiman-2,https://www.youtube.com/watch?v=oFSyNdQf5uk,https://lexfridman.com/omar-suleiman-2-transcript
410,https://lexfridman.com/files/thumbs_ai_podcast/ben_shapiro_destiny_debate.png,"Politics, Jan 6, Israel, Ukraine & Wokeism",Ben Shapiro vs Destiny Debate,https://lexfridman.com/ben-shapiro-destiny-debate,https://www.youtube.com/watch?v=tYrdMjVXyNg,https://lexfridman.com/ben-shapiro-destiny-debate-transcript
409,https://lexfridman.com/files/thumbs_ai_podcast/matthew_cox.png,FBI Most Wanted Con Man - $55 Million in Bank Fraud,Matthew Cox,https://lexfridman.com/matthew-cox,https://www.youtube.com/watch?v=zMYvGf7BA9o,https://lexfridman.com/matthew-cox-transcript
408,https://lexfridman.com/files/thumbs_ai_podcast/tal_wilkenfeld.png,"Music, Guitar, Bass, Jeff Beck, Prince, and Leonard Cohen",Tal Wilkenfeld,https://lexfridman.com/tal-wilkenfeld,https://www.youtube.com/watch?v=9qfwPv7clEw,https://lexfridman.com/tal-wilkenfeld-transcript
407,https://lexfridman.com/files/thumbs_ai_podcast/guillaume_verdon.png,"Beff Jezos, E/acc Movement, Physics, Computation & AGI",Guillaume Verdon,https://lexfridman.com/guillaume-verdon,https://www.youtube.com/watch?v=8fEEbKJoNbU,https://lexfridman.com/guillaume-verdon-transcript
406,https://lexfridman.com/files/thumbs_ai_podcast/teddy_atlas.png,"Mike Tyson, Cus D'Amato, Boxing, Loyalty, Fear & Greatness",Teddy Atlas,https://lexfridman.com/teddy-atlas,https://www.youtube.com/watch?v=CVx9IB_U9X4,https://lexfridman.com/teddy-atlas-transcript
405,https://lexfridman.com/files/thumbs_ai_podcast/jeff_bezos.png,Amazon and Blue Origin,Jeff Bezos,https://lexfridman.com/jeff-bezos,https://www.youtube.com/watch?v=DcWqzZ3I2cY,https://lexfridman.com/jeff-bezos-transcript
404,https://lexfridman.com/files/thumbs_ai_podcast/lee_cronin_3.png,Controversial Nature Paper on Evolution of Life and Universe,Lee Cronin,https://lexfridman.com/lee-cronin-3,https://www.youtube.com/watch?v=CGiDqhSdLHk,https://lexfridman.com/lee-cronin-3-transcript
403,https://lexfridman.com/files/thumbs_ai_podcast/lisa_randall.png,"Dark Matter, Theoretical Physics, and Extinction Events",Lisa Randall,https://lexfridman.com/lisa-randall,https://www.youtube.com/watch?v=VPaOy3G1-2A,https://lexfridman.com/lisa-randall-transcript
402,https://lexfridman.com/files/thumbs_ai_podcast/michael_malice_7.png,Thanksgiving Pirate Special,Michael Malice,https://lexfridman.com/michael-malice-7,https://www.youtube.com/watch?v=2yHr9DPnSzk,https://lexfridman.com/michael-malice-7-transcript
401,https://lexfridman.com/files/thumbs_ai_podcast/john_mearsheimer.png,"Israel-Palestine, Russia-Ukraine, China, NATO, and WW3",John Mearsheimer,https://lexfridman.com/john-mearsheimer,https://www.youtube.com/watch?v=r4wLXNydzeY,https://lexfridman.com/john-mearsheimer-transcript
400,https://lexfridman.com/files/thumbs_ai_podcast/elon_musk_4.png,"War, AI, Aliens, Politics, Physics, Video Games, and Humanity",Elon Musk,https://lexfridman.com/elon-musk-4,https://www.youtube.com/watch?v=JN3KPFbWCy8,https://lexfridman.com/elon-musk-4-transcript
399,https://lexfridman.com/files/thumbs_ai_podcast/jared_kushner.png,"Israel, Palestine, Hamas, Gaza, Iran, and the Middle East",Jared Kushner,https://lexfridman.com/jared-kushner,https://www.youtube.com/watch?v=co_MeKSnyAo,https://lexfridman.com/jared-kushner-transcript
398,https://lexfridman.com/files/thumbs_ai_podcast/mark_zuckerberg_3.png,First Interview in the Metaverse,Mark Zuckerberg,https://lexfridman.com/mark-zuckerberg-3,https://www.youtube.com/watch?v=MVYrJJNdrEg,https://lexfridman.com/mark-zuckerberg-3-transcript
397,https://lexfridman.com/files/thumbs_ai_podcast/greg_lukianoff.png,"Cancel Culture, Deplatforming, Censorship & Free Speech",Greg Lukianoff,https://lexfridman.com/greg-lukianoff,https://www.youtube.com/watch?v=buarAx_u2qg,https://lexfridman.com/greg-lukianoff-transcript
396,https://lexfridman.com/files/thumbs_ai_podcast/james_sexton.png,"Divorce Lawyer on Marriage, Relationships, Sex, Lies & Love",James Sexton,https://lexfridman.com/james-sexton,https://www.youtube.com/watch?v=fUEjCXpOjPY,https://lexfridman.com/james-sexton-transcript
395,https://lexfridman.com/files/thumbs_ai_podcast/walter_isaacson.png,"Elon Musk, Steve Jobs, Einstein, Da Vinci & Ben Franklin",Walter Isaacson,https://lexfridman.com/walter-isaacson,https://www.youtube.com/watch?v=aGOV5R7M1Js,https://lexfridman.com/walter-isaacson-transcript
394,https://lexfridman.com/files/thumbs_ai_podcast/neri_oxman.png,"Biology, Art, and Science of Design & Engineering with Nature",Neri Oxman,https://lexfridman.com/neri-oxman,https://www.youtube.com/watch?v=XbPHojL_61U,https://lexfridman.com/neri-oxman-transcript
393,https://lexfridman.com/files/thumbs_ai_podcast/andrew_huberman_4.png,"Relationships, Drama, Betrayal, Sex, and Love",Andrew Huberman,https://lexfridman.com/andrew-huberman-4,https://www.youtube.com/watch?v=eTBAxD6lt2g,https://lexfridman.com/andrew-huberman-4-transcript
392,https://lexfridman.com/files/thumbs_ai_podcast/joscha_bach_3.png,"Life, Intelligence, Consciousness, AI & the Future of Humans",Joscha Bach,https://lexfridman.com/joscha-bach-3,https://www.youtube.com/watch?v=e8qJsk1j2zE,https://lexfridman.com/joscha-bach-3-transcript
391,https://lexfridman.com/files/thumbs_ai_podcast/mohammed_el_kurd.png,Palestine,Mohammed El-Kurd,https://lexfridman.com/mohammed-el-kurd,https://www.youtube.com/watch?v=34wA_bdG6QQ,https://lexfridman.com/mohammed-el-kurd-transcript
390,https://lexfridman.com/files/thumbs_ai_podcast/yuval_noah_harari.png,"Human Nature, Intelligence, Power, and Conspiracies",Yuval Noah Harari,https://lexfridman.com/yuval-noah-harari,https://www.youtube.com/watch?v=Mde2q7GFCrw,https://lexfridman.com/yuval-noah-harari-transcript
389,https://lexfridman.com/files/thumbs_ai_podcast/benjamin_netanyahu.png,"Israel, Palestine, Power, Corruption, Hate, and Peace",Benjamin Netanyahu,https://lexfridman.com/benjamin-netanyahu,https://www.youtube.com/watch?v=XpC7SVDXimg,https://lexfridman.com/benjamin-netanyahu-transcript
388,https://lexfridman.com/files/thumbs_ai_podcast/robert_f_kennedy_jr.png,"CIA, Power, Corruption, War, Freedom, and Meaning",Robert F Kennedy Jr,https://lexfridman.com/robert-f-kennedy-jr,https://www.youtube.com/watch?v=NPtBkw5uD-0,https://lexfridman.com/robert-f-kennedy-jr-transcript
387,https://lexfridman.com/files/thumbs_ai_podcast/george_hotz_3.png,"Tiny Corp, Twitter, AI Safety, Self-Driving, GPT, AGI & God",George Hotz,https://lexfridman.com/george-hotz-3,https://www.youtube.com/watch?v=dNrTrx42DGQ,https://lexfridman.com/george-hotz-3-transcript
386,https://lexfridman.com/files/thumbs_ai_podcast/marc_andreessen.png,"Future of the Internet, Technology, and AI",Marc Andreessen,https://lexfridman.com/marc-andreessen,https://www.youtube.com/watch?v=-hxeDjAxvJ8,
385,https://lexfridman.com/files/thumbs_ai_podcast/jimmy_wales.png,Wikipedia,Jimmy Wales,https://lexfridman.com/jimmy-wales,https://www.youtube.com/watch?v=diJp4zoQPqo,https://lexfridman.com/jimmy-wales-transcript
384,https://lexfridman.com/files/thumbs_ai_podcast/matthew_mcconaughey.png,"Freedom, Truth, Family, Hardship, and Love",Matthew McConaughey,https://lexfridman.com/matthew-mcconaughey,https://www.youtube.com/watch?v=8qgIFD0PaWo,
383,https://lexfridman.com/files/thumbs_ai_podcast/mark_zuckerberg_2.png,"Future of AI at Meta, Facebook, Instagram, and WhatsApp",Mark Zuckerberg,https://lexfridman.com/mark-zuckerberg-2,https://www.youtube.com/watch?v=Ff4fRgnuFgQ,
382,https://lexfridman.com/files/thumbs_ai_podcast/bert_kreischer.png,"Comedy, Drinking, Rogan, Segura, Churchill & Kim Jong Un",Bert Kreischer,https://lexfridman.com/bert-kreischer,https://www.youtube.com/watch?v=8TmV6KEYkK0,
381,https://lexfridman.com/files/thumbs_ai_podcast/chris_lattner_3.png,Future of Programming and AI,Chris Lattner,https://lexfridman.com/chris-lattner-3,https://www.youtube.com/watch?v=pdJQ8iVTwj8,
380,https://lexfridman.com/files/thumbs_ai_podcast/neil_gershenfeld.png,Self-Replicating Robots and the Future of Fabrication,Neil Gershenfeld,https://lexfridman.com/neil-gershenfeld,https://www.youtube.com/watch?v=YDjOS0VHEr4,
379,https://lexfridman.com/files/thumbs_ai_podcast/randall_kennedy.png,"The N-Word - History of Race, Law, Politics, and Power",Randall Kennedy,https://lexfridman.com/randall-kennedy,https://www.youtube.com/watch?v=iFXGpKf9VBU,
378,https://lexfridman.com/files/thumbs_ai_podcast/anna_frebel.png,"Origin and Evolution of the Universe, Galaxies, and Stars",Anna Frebel,https://lexfridman.com/anna-frebel,https://www.youtube.com/watch?v=IQnUa5Bq5x4,
377,https://lexfridman.com/files/thumbs_ai_podcast/harvey_silverglate.png,Freedom of Speech,Harvey Silverglate,https://lexfridman.com/harvey-silverglate,https://www.youtube.com/watch?v=DgTjSrrf6GQ,
376,https://lexfridman.com/files/thumbs_ai_podcast/stephen_wolfram_4.png,"ChatGPT and the Nature of Truth, Reality & Computation",Stephen Wolfram,https://lexfridman.com/stephen-wolfram-4,https://www.youtube.com/watch?v=PdE-waSx-d8,
375,https://lexfridman.com/files/thumbs_ai_podcast/david_pakman.png,"Politics of Trump, Biden, Bernie, AOC, Socialism & Wokeism",David Pakman,https://lexfridman.com/david-pakman,https://www.youtube.com/watch?v=2i31fDkaK9A,
374,https://lexfridman.com/files/thumbs_ai_podcast/robert_playter.png,Boston Dynamics CEO on Humanoid and Legged Robotics,Robert Playter,https://lexfridman.com/robert-playter,https://www.youtube.com/watch?v=cLVdsZ3I5os,
373,https://lexfridman.com/files/thumbs_ai_podcast/manolis_kellis_5.png,Evolution of Human Civilization and Superintelligent AI,Manolis Kellis,https://lexfridman.com/manolis-kellis-5,https://www.youtube.com/watch?v=wMavKrA-4do,
372,https://lexfridman.com/files/thumbs_ai_podcast/simone_giertz.png,"Queen of Sh*tty Robots, Innovative Engineering, and Design",Simone Giertz,https://lexfridman.com/simone-giertz,https://www.youtube.com/watch?v=OgIo36F6Fsg,
371,https://lexfridman.com/files/thumbs_ai_podcast/max_tegmark_3.png,The Case for Halting AI Development,Max Tegmark,https://lexfridman.com/max-tegmark-3,https://www.youtube.com/watch?v=VcVfceTsD0A,
370,https://lexfridman.com/files/thumbs_ai_podcast/edward_frenkel.png,"Reality is a Paradox - Mathematics, Physics, Truth & Love",Edward Frenkel,https://lexfridman.com/edward-frenkel,https://www.youtube.com/watch?v=Osh0-J3T2nY,
369,https://lexfridman.com/files/thumbs_ai_podcast/paul_rosolie.png,"Amazon Jungle, Uncontacted Tribes, Anacondas, and Ayahuasca",Paul Rosolie,https://lexfridman.com/paul-rosolie,https://www.youtube.com/watch?v=gPfriiHBBek,
368,https://lexfridman.com/files/thumbs_ai_podcast/eliezer_yudkowsky.png,Dangers of AI and the End of Human Civilization,Eliezer Yudkowsky,https://lexfridman.com/eliezer-yudkowsky,https://www.youtube.com/watch?v=AaTRHFaaPG8,
367,https://lexfridman.com/files/thumbs_ai_podcast/sam_altman.png,"OpenAI CEO on GPT-4, ChatGPT, and the Future of AI",Sam Altman,https://lexfridman.com/sam-altman,https://www.youtube.com/watch?v=L_Guz73e6fw,
366,https://lexfridman.com/files/thumbs_ai_podcast/shannon_curry.png,"Johnny Depp & Amber Heard Trial, Marriage, Dating & Love",Shannon Curry,https://lexfridman.com/shannon-curry,https://www.youtube.com/watch?v=qtOKrG_wK5A,
365,https://lexfridman.com/files/thumbs_ai_podcast/sam_harris_2.png,"Trump, Pandemic, Twitter, Elon, Bret, IDW, Kanye, AI & UFOs",Sam Harris,https://lexfridman.com/sam-harris-2,https://www.youtube.com/watch?v=Qyrjgf-_Vdk,
364,https://lexfridman.com/files/thumbs_ai_podcast/chris_voss.png,FBI Hostage Negotiator,Chris Voss,https://lexfridman.com/chris-voss,https://www.youtube.com/watch?v=8EguLJgkc54,
363,https://lexfridman.com/files/thumbs_ai_podcast/b_team.png,"Craig Jones, Nicky Rod, and Nicky Ryan","Craig Jones, Nicky Rod, Nicky Ryan",https://lexfridman.com/b-team,https://www.youtube.com/watch?v=hLZ6PACCBy8,
362,https://lexfridman.com/files/thumbs_ai_podcast/ginni_rometty.png,"IBM CEO on Leadership, Power, and Adversity",Ginni Rometty,https://lexfridman.com/ginni-rometty,https://www.youtube.com/watch?v=XiCxj-bXu5M,
361,https://lexfridman.com/files/thumbs_ai_podcast/aaron_smith_levin.png,Scientology,Aaron Smith-Levin,https://lexfridman.com/aaron-smith-levin,https://www.youtube.com/watch?v=J1lN9zkK_k0,
360,https://lexfridman.com/files/thumbs_ai_podcast/tim_urban_2.png,"Tribalism, Marxism, Liberalism, Social Justice, and Politics",Tim Urban,https://lexfridman.com/tim-urban-2,https://www.youtube.com/watch?v=GkZz2I6sK08,
359,https://lexfridman.com/files/thumbs_ai_podcast/andrew_strominger.png,"Black Holes, Quantum Gravity, and Theoretical Physics",Andrew Strominger,https://lexfridman.com/andrew-strominger,https://www.youtube.com/watch?v=y3cw_9ELpQw,
358,https://lexfridman.com/files/thumbs_ai_podcast/aella.png,"Sex Work, OnlyFans, Porn, Escorting, Dating, and Human Sexuality",Aella,https://lexfridman.com/aella,https://www.youtube.com/watch?v=cFSrxSBrgSc,
357,https://lexfridman.com/files/thumbs_ai_podcast/paul_conti.png,"Narcissism, Sociopathy, Envy, and the Nature of Good and Evil",Paul Conti,https://lexfridman.com/paul-conti,https://www.youtube.com/watch?v=jRBksDVs4tg,
356,https://lexfridman.com/files/thumbs_ai_podcast/tim_dodd.png,"SpaceX, Starship, Rocket Engines, and Future of Space Travel",Tim Dodd,https://lexfridman.com/tim-dodd,https://www.youtube.com/watch?v=5eK5A_43pkE,
355,https://lexfridman.com/files/thumbs_ai_podcast/david_kipping.png,Alien Civilizations and Habitable Worlds,David Kipping,https://lexfridman.com/david-kipping,https://www.youtube.com/watch?v=uZN5xjoS6TU,
354,https://lexfridman.com/files/thumbs_ai_podcast/jeremi_suri_2.png,"Civil War, Slavery, Freedom, and Democracy",Jeremi Suri,https://lexfridman.com/jeremi-suri-2,https://www.youtube.com/watch?v=GvX-heRWFfA,
353,https://lexfridman.com/files/thumbs_ai_podcast/dennis_whyte.png,Nuclear Fusion and the Future of Energy,Dennis Whyte,https://lexfridman.com/dennis-whyte,https://www.youtube.com/watch?v=aJoRMFWn2Jk,
352,https://lexfridman.com/files/thumbs_ai_podcast/omar_suleiman.png,Islam,Omar Suleiman,https://lexfridman.com/omar-suleiman,https://www.youtube.com/watch?v=BOKCNUqbpH0,
351,https://lexfridman.com/files/thumbs_ai_podcast/mrbeast.png,"Future of YouTube, Twitter, TikTok, and Instagram",MrBeast,https://lexfridman.com/mrbeast,https://www.youtube.com/watch?v=Z3_PwvvfxIU,
350,https://lexfridman.com/files/thumbs_ai_podcast/betul_kacar.png,"Origin of Life, Ancient DNA, Panspermia, and Aliens",Betül Kaçar,https://lexfridman.com/betul-kacar,https://www.youtube.com/watch?v=NXU_M4030nE,
349,https://lexfridman.com/files/thumbs_ai_podcast/bhaskar_sunkara.png,Socialism and Communism,Bhaskar Sunkara,https://lexfridman.com/bhaskar-sunkara,https://www.youtube.com/watch?v=pNlfHgHJweQ,
348,https://lexfridman.com/files/thumbs_ai_podcast/nathalie_cabrol.png,Search for Alien Life,Nathalie Cabrol,https://lexfridman.com/nathalie-cabrol,https://www.youtube.com/watch?v=yyBosLx7bbM,
347,https://lexfridman.com/files/thumbs_ai_podcast/michael_malice_6.png,Christmas Special,Michael Malice,https://lexfridman.com/michael-malice-6,https://www.youtube.com/watch?v=NUkXluf3OYA,
346,https://lexfridman.com/files/thumbs_ai_podcast/ed_calderon.png,Mexican Drug Cartels,Ed Calderon,https://lexfridman.com/ed-calderon,https://www.youtube.com/watch?v=9PIOoJMMptA,
345,https://lexfridman.com/files/thumbs_ai_podcast/coffeezilla.png,"SBF, FTX, Fraud, Scams, Fake Gurus, Money, Fame, and Power",Coffeezilla,https://lexfridman.com/coffeezilla,https://www.youtube.com/watch?v=hi9Rf0oLdHk,
344,https://lexfridman.com/files/thumbs_ai_podcast/noam_brown.png,AI vs Humans in Poker and Games of Strategic Negotiation,Noam Brown,https://lexfridman.com/noam-brown,https://www.youtube.com/watch?v=2oHH4aClJQs,
343,https://lexfridman.com/files/thumbs_ai_podcast/roger_gracie.png,Greatest Jiu Jitsu Competitor of All Time,Roger Gracie,https://lexfridman.com/roger-gracie,https://www.youtube.com/watch?v=FhfmGM6hswI,
342,https://lexfridman.com/files/thumbs_ai_podcast/todd_howard.png,"Skyrim, Elder Scrolls 6, Fallout, and Starfield",Todd Howard,https://lexfridman.com/todd-howard,https://www.youtube.com/watch?v=H9AAnV59ddE,
341,https://lexfridman.com/files/thumbs_ai_podcast/guido_van_rossum_2.png,Python and the Future of Programming,Guido van Rossum,https://lexfridman.com/guido-van-rossum-2,https://www.youtube.com/watch?v=-DVyjdw4t9I,
340,https://lexfridman.com/files/thumbs_ai_podcast/chris_tarbell.png,FBI Agent Who Took Down Silk Road,Chris Tarbell,https://lexfridman.com/chris-tarbell,https://www.youtube.com/watch?v=4KiO8GRgwDk,
339,https://lexfridman.com/files/thumbs_ai_podcast/climate_change_debate.png,Bjørn Lomborg and Andrew Revkin,Climate Change Debate,https://lexfridman.com/climate-change-debate,https://www.youtube.com/watch?v=5Gk9gIpGvSE,
338,https://lexfridman.com/files/thumbs_ai_podcast/chamath_palihapitiya.png,"Money, Success, Startups, Energy, Poker & Happiness",Chamath Palihapitiya,https://lexfridman.com/chamath-palihapitiya,https://www.youtube.com/watch?v=kFQUDCgMjRc,
337,https://lexfridman.com/files/thumbs_ai_podcast/destiny.png,"Politics, Free Speech, Controversy, Sex, War, and Relationships",Destiny,https://lexfridman.com/destiny,https://www.youtube.com/watch?v=bqeuFiAUU4o,
336,https://lexfridman.com/files/thumbs_ai_podcast/ben_shapiro.png,"Politics, Kanye, Trump, Biden, Hitler, Extremism, and War",Ben Shapiro,https://lexfridman.com/ben-shapiro,https://www.youtube.com/watch?v=AF8DOS4C2KM,
335,https://lexfridman.com/files/thumbs_ai_podcast/fiona_hill.png,Vladimir Putin and Donald Trump,Fiona Hill,https://lexfridman.com/fiona-hill,https://www.youtube.com/watch?v=vNhSCF9i8Qs,
334,https://lexfridman.com/files/thumbs_ai_podcast/abbas_amanat.png,"Iran Protests, Mahsa Amini, History, CIA & Nuclear Weapons",Abbas Amanat,https://lexfridman.com/abbas-amanat,https://www.youtube.com/watch?v=OYsYgzzsdT0,
333,https://lexfridman.com/files/thumbs_ai_podcast/andrej_karpathy.png,"Tesla AI, Self-Driving, Optimus, Aliens, and AGI",Andrej Karpathy,https://lexfridman.com/andrej-karpathy,https://www.youtube.com/watch?v=cdiD-9MMpb0,
332,https://lexfridman.com/files/thumbs_ai_podcast/ye_aka_kanye_west.png,Kanye 'Ye' West Interview,Kanye 'Ye' West,https://lexfridman.com/ye-aka-kanye-west,https://www.youtube.com/watch?v=4AWLcxTGZPA,
331,https://lexfridman.com/files/thumbs_ai_podcast/balaji_srinivasan.png,"How to Fix Government, Twitter, Science, and the FDA",Balaji Srinivasan,https://lexfridman.com/balaji-srinivasan,https://www.youtube.com/watch?v=VeH7qKZr0WI,
330,https://lexfridman.com/files/thumbs_ai_podcast/hikaru_nakamura.png,"Chess, Magnus, Kasparov, and the Psychology of Greatness",Hikaru Nakamura,https://lexfridman.com/hikaru-nakamura,https://www.youtube.com/watch?v=oJNvxYEcVAY,
329,https://lexfridman.com/files/thumbs_ai_podcast/kate_darling_2.png,"Social Robots, Ethics, Privacy and the Future of MIT",Kate Darling,https://lexfridman.com/kate-darling-2,https://www.youtube.com/watch?v=ZFntEFXKDHM,
328,https://lexfridman.com/files/thumbs_ai_podcast/john_danaher_3.png,"Grappling, Jiu Jitsu, ADCC, and Animal Combat",John Danaher,https://lexfridman.com/john-danaher-3,https://www.youtube.com/watch?v=iZRbD7q1n-U,
327,https://lexfridman.com/files/thumbs_ai_podcast/gothamchess.png,"Hans Niemann, Magnus Carlsen, Cheating Scandal & Chess Bots",GothamChess,https://lexfridman.com/gothamchess,https://www.youtube.com/watch?v=iSMpTmibeDw,
326,https://lexfridman.com/files/thumbs_ai_podcast/annaka_harris.png,"Free Will, Consciousness, and the Nature of Reality",Annaka Harris,https://lexfridman.com/annaka-harris,https://www.youtube.com/watch?v=q6zEzZCtkXw,
325,https://lexfridman.com/files/thumbs_ai_podcast/michael_levin.png,"Biology, Life, Aliens, Evolution, Embryogenesis & Xenobots",Michael Levin,https://lexfridman.com/michael-levin,https://www.youtube.com/watch?v=p3lsYlod5OU,
324,https://lexfridman.com/files/thumbs_ai_podcast/daniel_negreanu.png,Poker,Daniel Negreanu,https://lexfridman.com/daniel-negreanu,https://www.youtube.com/watch?v=rKnoNfajUgM,
323,https://lexfridman.com/files/thumbs_ai_podcast/will_sasso.png,"Comedy, MADtv, AI, Friendship, Madness, and Pro Wrestling",Will Sasso,https://lexfridman.com/will-sasso,https://www.youtube.com/watch?v=xewD1apJNhw,
322,https://lexfridman.com/files/thumbs_ai_podcast/rana_el_kaliouby.png,"Emotion AI, Social Robots, and Self-Driving Cars",Rana el Kaliouby,https://lexfridman.com/rana-el-kaliouby,https://www.youtube.com/watch?v=36_rM7wpN5A,
321,https://lexfridman.com/files/thumbs_ai_podcast/ray_kurzweil.png,"Singularity, Superintelligence, and Immortality",Ray Kurzweil,https://lexfridman.com/ray-kurzweil,https://www.youtube.com/watch?v=ykY69lSpDdo,
320,https://lexfridman.com/files/thumbs_ai_podcast/christopher_capozzola.png,"World War I, Ideology, Propaganda, and Politics",Christopher Capozzola,https://lexfridman.com/christopher-capozzola,https://www.youtube.com/watch?v=SK4kMPmgKW0,
319,https://lexfridman.com/files/thumbs_ai_podcast/botez_sisters.png,"Chess, Streaming, and Fame",Botez Sisters,https://lexfridman.com/botez-sisters,https://www.youtube.com/watch?v=srUlKNLZTas,
318,https://lexfridman.com/files/thumbs_ai_podcast/nick_lane.png,"Origin of Life, Evolution, Aliens, Biology, and Consciousness",Nick Lane,https://lexfridman.com/nick-lane,https://www.youtube.com/watch?v=tOtdJcco3YM,
317,https://lexfridman.com/files/thumbs_ai_podcast/john_vervaeke.png,"Meaning Crisis, Atheism, Religion & the Search for Wisdom",John Vervaeke,https://lexfridman.com/john-vervaeke,https://www.youtube.com/watch?v=yImlXr5Tr8g,
316,https://lexfridman.com/files/thumbs_ai_podcast/noam_chomsky_2.png,"Putin, Ukraine, China, and Nuclear War",Noam Chomsky,https://lexfridman.com/noam-chomsky-2,https://www.youtube.com/watch?v=7uHGlfeCBbE,
315,https://lexfridman.com/files/thumbs_ai_podcast/magnus_carlsen.png,Greatest Chess Player of All Time,Magnus Carlsen,https://lexfridman.com/magnus-carlsen,https://www.youtube.com/watch?v=0ZO28NtkwwQ,
314,https://lexfridman.com/files/thumbs_ai_podcast/liv_boeree.png,"Poker, Game Theory, AI, Simulation, Aliens & Existential Risk",Liv Boeree,https://lexfridman.com/liv-boeree,https://www.youtube.com/watch?v=eF-E40pxxbI,
313,https://lexfridman.com/files/thumbs_ai_podcast/jordan_peterson.png,"Life, Death, Power, Fame, and Meaning",Jordan Peterson,https://lexfridman.com/jordan-peterson,https://www.youtube.com/watch?v=sY8aFSY2zv4,
312,https://lexfridman.com/files/thumbs_ai_podcast/duncan_trussell.png,"Comedy, Sentient Robots, Suffering, Love & Burning Man",Duncan Trussell,https://lexfridman.com/duncan-trussell,https://www.youtube.com/watch?v=jdIyNMkusLE,
311,https://lexfridman.com/files/thumbs_ai_podcast/magatte_wade.png,"Africa, Capitalism, Communism, and the Future of Humanity",Magatte Wade,https://lexfridman.com/magatte-wade,https://www.youtube.com/watch?v=Q6tDV3BhrcM,
310,https://lexfridman.com/files/thumbs_ai_podcast/andrew_bustamante.png,CIA Spy,Andrew Bustamante,https://lexfridman.com/andrew-bustamante,https://www.youtube.com/watch?v=T3FC7qIAGZk,
309,https://lexfridman.com/files/thumbs_ai_podcast/john_carmack.png,"Doom, Quake, VR, AGI, Programming, Video Games, and Rockets",John Carmack,https://lexfridman.com/john-carmack,https://www.youtube.com/watch?v=I845O57ZSy4,
308,https://lexfridman.com/files/thumbs_ai_podcast/ryan_graves.png,"UFOs, Fighter Jets, and Aliens",Ryan Graves,https://lexfridman.com/ryan-graves,https://www.youtube.com/watch?v=qLDp-aYnR1Y,
307,https://lexfridman.com/files/thumbs_ai_podcast/brian_armstrong.png,"Coinbase, Cryptocurrency, and Government Regulation",Brian Armstrong,https://lexfridman.com/brian-armstrong,https://www.youtube.com/watch?v=VBPTFlpv31k,
306,https://lexfridman.com/files/thumbs_ai_podcast/oriol_vinyals_2.png,Deep Learning and Artificial General Intelligence,Oriol Vinyals,https://lexfridman.com/oriol-vinyals-2,https://www.youtube.com/watch?v=aGBLRlLe7X8,
305,https://lexfridman.com/files/thumbs_ai_podcast/martin_rees.png,"Black Holes, Alien Life, Dark Matter, and the Big Bang",Martin Rees,https://lexfridman.com/martin-rees,https://www.youtube.com/watch?v=50r-5ULcWgY,
304,https://lexfridman.com/files/thumbs_ai_podcast/robert_barron.png,Christianity and the Catholic Church,Robert Barron,https://lexfridman.com/robert-barron,https://www.youtube.com/watch?v=WgytXF0SPh0,
303,https://lexfridman.com/files/thumbs_ai_podcast/steve_keen.png,"Marxism, Capitalism, and Economics",Steve Keen,https://lexfridman.com/steve-keen,https://www.youtube.com/watch?v=1XGiTDWfdpM,
302,https://lexfridman.com/files/thumbs_ai_podcast/richard_haier.png,"IQ Tests, Human Intelligence, and Group Differences",Richard Haier,https://lexfridman.com/richard-haier,https://www.youtube.com/watch?v=hppbxV9C63g,
301,https://lexfridman.com/files/thumbs_ai_podcast/jack_barsky.png,KGB Spy,Jack Barsky,https://lexfridman.com/jack-barsky,https://www.youtube.com/watch?v=dSVLjAdo8UA,
300,https://lexfridman.com/files/thumbs_ai_podcast/joe_rogan_2.png,"Comedy, Controversy, Aliens, UFOs, Putin, CIA, and Freedom",Joe Rogan,https://lexfridman.com/joe-rogan-2,https://www.youtube.com/watch?v=gk4tEO4jDUM,
299,https://lexfridman.com/files/thumbs_ai_podcast/demis_hassabis.png,"DeepMind - AI, Superintelligence & the Future of Humanity",Demis Hassabis,https://lexfridman.com/demis-hassabis,https://www.youtube.com/watch?v=Gfr50f6ZBvo,
298,https://lexfridman.com/files/thumbs_ai_podcast/susan_cain.png,The Power of Introverts and Loneliness,Susan Cain,https://lexfridman.com/susan-cain,https://www.youtube.com/watch?v=j4PEu4sVD40,
297,https://lexfridman.com/files/thumbs_ai_podcast/jonathan_reisman.png,The Human Body - From Sex & Sperm to Hands & Heart,Jonathan Reisman,https://lexfridman.com/jonathan-reisman,https://www.youtube.com/watch?v=XOPO9J7DIXw,
296,https://lexfridman.com/files/thumbs_ai_podcast/douglas_murray.png,"Racism, Marxism, and the War on the West",Douglas Murray,https://lexfridman.com/douglas-murray,https://www.youtube.com/watch?v=EG7I6Bt_NZY,
295,https://lexfridman.com/files/thumbs_ai_podcast/richard_wolff.png,Marxism and Communism,Richard Wolff,https://lexfridman.com/richard-wolff,https://www.youtube.com/watch?v=o0Bi-q89j5Y,
294,https://lexfridman.com/files/thumbs_ai_podcast/tony_fadell.png,"iPhone, iPod, Nest, Steve Jobs, Design, and Engineering",Tony Fadell,https://lexfridman.com/tony-fadell,https://www.youtube.com/watch?v=4oDZyOf6CW4,
293,https://lexfridman.com/files/thumbs_ai_podcast/donald_hoffman.png,Reality is an Illusion - How Evolution Hid the Truth,Donald Hoffman,https://lexfridman.com/donald-hoffman,https://www.youtube.com/watch?v=reYdQYZ9Rj4,
292,https://lexfridman.com/files/thumbs_ai_podcast/robin_hanson.png,"Alien Civilizations, UFOs, and the Future of Humanity",Robin Hanson,https://lexfridman.com/robin-hanson,https://www.youtube.com/watch?v=KBZP4rLk6bk,
291,https://lexfridman.com/files/thumbs_ai_podcast/jonathan_haidt.png,The Case Against Social Media,Jonathan Haidt,https://lexfridman.com/jonathan-haidt,https://www.youtube.com/watch?v=f0un-l1L8Zw,
290,https://lexfridman.com/files/thumbs_ai_podcast/dan_reynolds.png,Imagine Dragons,Dan Reynolds,https://lexfridman.com/dan-reynolds,https://www.youtube.com/watch?v=jvGZkf87aCs,
289,https://lexfridman.com/files/thumbs_ai_podcast/stephen_kotkin_2.png,"Putin, Stalin, Hitler, Zelenskyy, and War in Ukraine",Stephen Kotkin,https://lexfridman.com/stephen-kotkin-2,https://www.youtube.com/watch?v=2a7CDKqWcZ0,
288,https://lexfridman.com/files/thumbs_ai_podcast/sarma_melngailis.png,"Bad Vegan, Fraud, Prison, and Sociopathy",Sarma Melngailis,https://lexfridman.com/sarma-melngailis,https://www.youtube.com/watch?v=iZjby1LkTWQ,
287,https://lexfridman.com/files/thumbs_ai_podcast/bobby_lee.png,"Comedy, Skyrim, Sex Robots, Love, Fame, and Power",Bobby Lee,https://lexfridman.com/bobby-lee,https://www.youtube.com/watch?v=tOTenjh_8hw,
286,https://lexfridman.com/files/thumbs_ai_podcast/oliver_stone.png,Vladimir Putin and War in Ukraine,Oliver Stone,https://lexfridman.com/oliver-stone,https://www.youtube.com/watch?v=ygAqYC8JOQI,
285,https://lexfridman.com/files/thumbs_ai_podcast/glenn_loury.png,"Race, Racism, Identity Politics, and Cancel Culture",Glenn Loury,https://lexfridman.com/glenn-loury,https://www.youtube.com/watch?v=YbJZnShMQAo,
284,https://lexfridman.com/files/thumbs_ai_podcast/saifedean_ammous.png,"Bitcoin, Anarchy, and Austrian Economics",Saifedean Ammous,https://lexfridman.com/saifedean-ammous,https://www.youtube.com/watch?v=gp4U5aH_T6A,
283,https://lexfridman.com/files/thumbs_ai_podcast/chris_mason.png,"Space Travel, Colonization, and Long-Term Survival in Space",Chris Mason,https://lexfridman.com/chris-mason,https://www.youtube.com/watch?v=1C2tPFCGL1U,
282,https://lexfridman.com/files/thumbs_ai_podcast/david_buss.png,"Sex, Dating, Relationships, and Sex Differences",David Buss,https://lexfridman.com/david-buss,https://www.youtube.com/watch?v=sndW9hzX-wA,
281,https://lexfridman.com/files/thumbs_ai_podcast/grimes.png,"Music, AI, and the Future of Humanity",Grimes,https://lexfridman.com/grimes,https://www.youtube.com/watch?v=KOwm7GUjcg8,
280,https://lexfridman.com/files/thumbs_ai_podcast/cristiano_amon.png,Qualcomm CEO,Cristiano Amon,https://lexfridman.com/cristiano-amon,https://www.youtube.com/watch?v=KMgPxVnKLSk,
279,https://lexfridman.com/files/thumbs_ai_podcast/alien_debate.png,Sara Walker and Lee Cronin,Sara Walker and Lee Cronin,https://lexfridman.com/alien-debate,https://www.youtube.com/watch?v=SFxIazwNP_0,
278,https://lexfridman.com/files/thumbs_ai_podcast/skye_fitzgerald.png,"Hunger, War, and Human Suffering",Skye Fitzgerald,https://lexfridman.com/skye-fitzgerald,https://www.youtube.com/watch?v=dHTgffkpeYo,
277,https://lexfridman.com/files/thumbs_ai_podcast/andrew_huberman_3.png,"Focus, Stress, Relationships, and Friendship",Andrew Huberman,https://lexfridman.com/andrew-huberman-3,https://www.youtube.com/watch?v=lvh3g7eszVQ,
276,https://lexfridman.com/files/thumbs_ai_podcast/michael_saylor.png,"Bitcoin, Inflation, and the Future of Money",Michael Saylor,https://lexfridman.com/michael-saylor,https://www.youtube.com/watch?v=mC43pZkpTec,
275,https://lexfridman.com/files/thumbs_ai_podcast/rick_rubin.png,Legendary Music Producer,Rick Rubin,https://lexfridman.com/rick-rubin,https://www.youtube.com/watch?v=H_szemxPcTI,
274,https://lexfridman.com/files/thumbs_ai_podcast/karl_deisseroth.png,"Depression, Schizophrenia, and Psychiatry",Karl Deisseroth,https://lexfridman.com/karl-deisseroth,https://www.youtube.com/watch?v=OaeYUm06in0,
273,https://lexfridman.com/files/thumbs_ai_podcast/chris_blattman.png,War and Violence,Chris Blattman,https://lexfridman.com/chris-blattman,https://www.youtube.com/watch?v=DbXjoXnIxQo,
272,https://lexfridman.com/files/thumbs_ai_podcast/brett_johnson.png,US Most Wanted Cybercriminal,Brett Johnson,https://lexfridman.com/brett-johnson,https://www.youtube.com/watch?v=cC1LFC0KFSw,
271,https://lexfridman.com/files/thumbs_ai_podcast/ariel_ekblaw.png,Space Colonization and Self-Assembling Space Megastructures,Ariel Ekblaw,https://lexfridman.com/ariel-ekblaw,https://www.youtube.com/watch?v=KW8Vjs84Fxg,
270,https://lexfridman.com/files/thumbs_ai_podcast/david_wolpe.png,Judaism,David Wolpe,https://lexfridman.com/david-wolpe,https://www.youtube.com/watch?v=urdNsyZBqhQ,
269,https://lexfridman.com/files/thumbs_ai_podcast/lee_cronin.png,"Origin of Life, Aliens, Complexity, and Consciousness",Lee Cronin,https://lexfridman.com/lee-cronin,https://www.youtube.com/watch?v=ZecQ64l-gKM,
268,https://lexfridman.com/files/thumbs_ai_podcast/robert_proctor.png,Nazi Science and Ideology,Robert Proctor,https://lexfridman.com/robert-proctor,https://www.youtube.com/watch?v=Y3VBCWIDEzk,
267,https://lexfridman.com/files/thumbs_ai_podcast/mark_zuckerberg.png,"Meta, Facebook, Instagram, and the Metaverse",Mark Zuckerberg,https://lexfridman.com/mark-zuckerberg,https://www.youtube.com/watch?v=5zOHSysMmH0,
266,https://lexfridman.com/files/thumbs_ai_podcast/nicole_perlroth.png,Cybersecurity and the Weapons of Cyberwar,Nicole Perlroth,https://lexfridman.com/nicole-perlroth,https://www.youtube.com/watch?v=hy2G3PhGm-g,
265,https://lexfridman.com/files/thumbs_ai_podcast/devon_larratt.png,Arm Wrestling,Devon Larratt,https://lexfridman.com/devon-larratt,https://www.youtube.com/watch?v=nvBEXXnNaNQ,
264,https://lexfridman.com/files/thumbs_ai_podcast/tim_urban.png,"Elon Musk, Neuralink, AI, Aliens, and the Future of Humanity",Tim Urban,https://lexfridman.com/tim-urban,https://www.youtube.com/watch?v=0Jd7fJgFkPU,
263,https://lexfridman.com/files/thumbs_ai_podcast/john_abramson.png,Big Pharma,John Abramson,https://lexfridman.com/john-abramson,https://www.youtube.com/watch?v=arrokG3wCdE,
262,https://lexfridman.com/files/thumbs_ai_podcast/garry_nolan.png,UFOs and Aliens,Garry Nolan,https://lexfridman.com/garry-nolan,https://www.youtube.com/watch?v=uTCc2-1tbBQ,
261,https://lexfridman.com/files/thumbs_ai_podcast/philip_goff.png,"Consciousness, Panpsychism, and the Philosophy of Mind",Philip Goff,https://lexfridman.com/philip-goff,https://www.youtube.com/watch?v=BCdV6BMMpOo,
260,https://lexfridman.com/files/thumbs_ai_podcast/georges_st_pierre_john_danaher_gordon_ryan.png,The Greatest of All Time,"Georges St-Pierre, John Danaher, and Gordon Ryan",https://lexfridman.com/georges-st-pierre-john-danaher-gordon-ryan,https://www.youtube.com/watch?v=KdmDtqB46Jc,
259,https://lexfridman.com/files/thumbs_ai_podcast/thomas_tull.png,From Batman Dark Knight Trilogy to AI and The Rolling Stones,Thomas Tull,https://lexfridman.com/thomas-tull,https://www.youtube.com/watch?v=3Z7WimACqG8,
258,https://lexfridman.com/files/thumbs_ai_podcast/yann_lecun_2.png,Dark Matter of Intelligence and Self-Supervised Learning,Yann LeCun,https://lexfridman.com/yann-lecun-2,https://www.youtube.com/watch?v=SGzMElJ11Cc,
257,https://lexfridman.com/files/thumbs_ai_podcast/brian_keating.png,"Cosmology, Astrophysics, Aliens & Losing the Nobel Prize",Brian Keating,https://lexfridman.com/brian-keating,https://www.youtube.com/watch?v=nhGwJLXzHs8,
256,https://lexfridman.com/files/thumbs_ai_podcast/nationalism_debate.png,Yaron Brook and Yoram Hazony,Yaron Brook and Yoram Hazony,https://lexfridman.com/nationalism-debate,https://www.youtube.com/watch?v=Q24cpnHzx8I,
255,https://lexfridman.com/files/thumbs_ai_podcast/mark_normand.png,Comedy!,Mark Normand,https://lexfridman.com/mark-normand,https://www.youtube.com/watch?v=WzsivT_Ap1w,
254,https://lexfridman.com/files/thumbs_ai_podcast/jay_bhattacharya.png,The Case Against Lockdowns,Jay Bhattacharya,https://lexfridman.com/jay-bhattacharya,https://www.youtube.com/watch?v=oIOGUYOPAsA,
253,https://lexfridman.com/files/thumbs_ai_podcast/michael_malice_5.png,New Year's Special,Michael Malice,https://lexfridman.com/michael-malice-5,https://www.youtube.com/watch?v=B2tXN7ZnSfU,
252,https://lexfridman.com/files/thumbs_ai_podcast/elon_musk_3.png,"SpaceX, Mars, Tesla Autopilot, Self-Driving, Robotics, and AI",Elon Musk,https://lexfridman.com/elon-musk-3,https://www.youtube.com/watch?v=DxREm3s1scA,
251,https://lexfridman.com/files/thumbs_ai_podcast/ray_dalio_2.png,"Money, Power, and the Collapse of Empires",Ray Dalio,https://lexfridman.com/ray-dalio-2,https://www.youtube.com/watch?v=TISMidxdZoc,
250,https://lexfridman.com/files/thumbs_ai_podcast/peter_wang.png,"Python and the Source Code of Humans, Computers, and Reality",Peter Wang,https://lexfridman.com/peter-wang,https://www.youtube.com/watch?v=X0-SXS6zdEQ,
249,https://lexfridman.com/files/thumbs_ai_podcast/albert_bourla.png,Pfizer CEO,Albert Bourla,https://lexfridman.com/albert-bourla,https://www.youtube.com/watch?v=Z_LhPMhkEdw,
248,https://lexfridman.com/files/thumbs_ai_podcast/norman_naimark.png,"Genocide, Stalin, Hitler, Mao, and Absolute Power",Norman Naimark,https://lexfridman.com/norman-naimark,https://www.youtube.com/watch?v=Vrz8YDl9CeA,
247,https://lexfridman.com/files/thumbs_ai_podcast/jamie_metzl.png,Lab Leak Theory,Jamie Metzl,https://lexfridman.com/jamie-metzl,https://www.youtube.com/watch?v=K78jqx9fx2I,
246,https://lexfridman.com/files/thumbs_ai_podcast/peter_woit.png,Theories of Everything & Why String Theory is Not Even Wrong,Peter Woit,https://lexfridman.com/peter-woit,https://www.youtube.com/watch?v=nDDJFvuFXdc,
245,https://lexfridman.com/files/thumbs_ai_podcast/tom_brands.png,Iowa Wrestling,Tom Brands,https://lexfridman.com/tom-brands,https://www.youtube.com/watch?v=Ww6pfsWmkdY,
244,https://lexfridman.com/files/thumbs_ai_podcast/robert_crews.png,"Afghanistan, Taliban, Bin Laden, and War in the Middle East",Robert Crews,https://lexfridman.com/robert-crews,https://www.youtube.com/watch?v=CDiqA4SJNpA,
243,https://lexfridman.com/files/thumbs_ai_podcast/kevin_systrom.png,Instagram,Kevin Systrom,https://lexfridman.com/kevin-systrom,https://www.youtube.com/watch?v=3pvpNKUPbIY,
242,https://lexfridman.com/files/thumbs_ai_podcast/ben_askren.png,Wrestling and MMA,Ben Askren,https://lexfridman.com/ben-askren,https://www.youtube.com/watch?v=tApj7Q37P2k,
241,https://lexfridman.com/files/thumbs_ai_podcast/boris_sofman.png,"Waymo, Cozmo, Self-Driving Cars, and the Future of Robotics",Boris Sofman,https://lexfridman.com/boris-sofman,https://www.youtube.com/watch?v=U_AREIyd0Fc,
240,https://lexfridman.com/files/thumbs_ai_podcast/neal_stephenson.png,"Sci-Fi, Space, Aliens, AI, VR & the Future of Humanity",Neal Stephenson,https://lexfridman.com/neal-stephenson,https://www.youtube.com/watch?v=xAfdSak2fs8,
239,https://lexfridman.com/files/thumbs_ai_podcast/niall_ferguson.png,"History of Money, Power, War, and Truth",Niall Ferguson,https://lexfridman.com/niall-ferguson,https://www.youtube.com/watch?v=xF6x1ftN-H4,
238,https://lexfridman.com/files/thumbs_ai_podcast/francis_collins.png,National Institutes of Health (NIH),Francis Collins,https://lexfridman.com/francis-collins,https://www.youtube.com/watch?v=mRZE-SJShkE,
237,https://lexfridman.com/files/thumbs_ai_podcast/steve_viscelli.png,Trucking and the Decline of the American Dream,Steve Viscelli,https://lexfridman.com/steve-viscelli,https://www.youtube.com/watch?v=a3Wpy6gE4So,
236,https://lexfridman.com/files/thumbs_ai_podcast/jimmy_pedro.png,Judo and the Forging of Champions,Jimmy Pedro,https://lexfridman.com/jimmy-pedro,https://www.youtube.com/watch?v=uy1fX2vOAEE,
235,https://lexfridman.com/files/thumbs_ai_podcast/michael_mina_2.png,Rapid COVID Testing,Michael Mina,https://lexfridman.com/michael-mina-2,https://www.youtube.com/watch?v=80OvNaEgmmw,
234,https://lexfridman.com/files/thumbs_ai_podcast/stephen_wolfram_3.png,Complexity and the Fabric of Reality,Stephen Wolfram,https://lexfridman.com/stephen-wolfram-3,https://www.youtube.com/watch?v=4-SGpEInX_c,
233,https://lexfridman.com/files/thumbs_ai_podcast/carl_hart.png,"Heroin, Cocaine, MDMA, Alcohol & the Role of Drugs in Society",Carl Hart,https://lexfridman.com/carl-hart,https://www.youtube.com/watch?v=3LWNY70Oj4A,
232,https://lexfridman.com/files/thumbs_ai_podcast/brian_greene.png,"Quantum Gravity, The Big Bang, Aliens, Death, and Meaning",Brian Greene,https://lexfridman.com/brian-greene,https://www.youtube.com/watch?v=98HZanvAJ8Y,
231,https://lexfridman.com/files/thumbs_ai_podcast/alex_gladstein.png,"Bitcoin, Authoritarianism, and Human Rights",Alex Gladstein,https://lexfridman.com/alex-gladstein,https://www.youtube.com/watch?v=kSbMU5CbFM0,
230,https://lexfridman.com/files/thumbs_ai_podcast/kelsi_sheren.png,"War, Artillery, PTSD, and Love",Kelsi Sheren,https://lexfridman.com/kelsi-sheren,https://www.youtube.com/watch?v=PbN3HzKkW4M,
229,https://lexfridman.com/files/thumbs_ai_podcast/richard_wrangham.png,"Violence, Sex, and Fire in Human Evolution",Richard Wrangham,https://lexfridman.com/richard-wrangham,https://www.youtube.com/watch?v=YJF01_ztxwY,
228,https://lexfridman.com/files/thumbs_ai_podcast/rza.png,"Wu-Tang Clan, Kung Fu, Chess, God, Life, and Death",RZA,https://lexfridman.com/rza,https://www.youtube.com/watch?v=Iau6W5pjy9Y,
227,https://lexfridman.com/files/thumbs_ai_podcast/sean_kelly.png,"Existentialism, Nihilism, and the Search for Meaning",Sean Kelly,https://lexfridman.com/sean-kelly,https://www.youtube.com/watch?v=cC1HszE5Hcw,
226,https://lexfridman.com/files/thumbs_ai_podcast/jo_boaler.png,How to Learn Math,Jo Boaler,https://lexfridman.com/jo-boaler,https://www.youtube.com/watch?v=KZnGSVwIpeU,
225,https://lexfridman.com/files/thumbs_ai_podcast/jeffrey_shainline.png,Neuromorphic Computing and Optoelectronic Intelligence,Jeffrey Shainline,https://lexfridman.com/jeffrey-shainline,https://www.youtube.com/watch?v=EwueqdgIvq4,
224,https://lexfridman.com/files/thumbs_ai_podcast/travis_oliphant.png,"NumPy, SciPy, Anaconda, Python & Scientific Programming",Travis Oliphant,https://lexfridman.com/travis-oliphant,https://www.youtube.com/watch?v=gFEE3w7F0ww,
223,https://lexfridman.com/files/thumbs_ai_podcast/travis_stevens.png,"Judo, Olympics, and Mental Toughness",Travis Stevens,https://lexfridman.com/travis-stevens,https://www.youtube.com/watch?v=uiNpESmPioQ,
222,https://lexfridman.com/files/thumbs_ai_podcast/jay_mcclelland.png,Neural Networks and the Emergence of Cognition,Jay McClelland,https://lexfridman.com/jay-mcclelland,https://www.youtube.com/watch?v=Ui38ZzTymDY,
221,https://lexfridman.com/files/thumbs_ai_podcast/douglas_lenat.png,Cyc and the Quest to Solve Common Sense Reasoning in AI,Douglas Lenat,https://lexfridman.com/douglas-lenat,https://www.youtube.com/watch?v=3wMKoSRbGVs,
220,https://lexfridman.com/files/thumbs_ai_podcast/niels_jorgensen.png,New York Firefighters and the Heroes of 9/11,Niels Jorgensen,https://lexfridman.com/niels-jorgensen,https://www.youtube.com/watch?v=hZenJc1fa70,
219,https://lexfridman.com/files/thumbs_ai_podcast/donald_knuth_2.png,"Programming, Algorithms, Hard Problems & the Game of Life",Donald Knuth,https://lexfridman.com/donald-knuth-2,https://www.youtube.com/watch?v=EE1R8FYUJm0,
218,https://lexfridman.com/files/thumbs_ai_podcast/jaron_lanier.png,"Virtual Reality, Social Media & the Future of Humans and AI",Jaron Lanier,https://lexfridman.com/jaron-lanier,https://www.youtube.com/watch?v=Fx0G6DHMfXM,
217,https://lexfridman.com/files/thumbs_ai_podcast/rodney_brooks.png,Robotics,Rodney Brooks,https://lexfridman.com/rodney-brooks,https://www.youtube.com/watch?v=nre0QT9LN6w,
216,https://lexfridman.com/files/thumbs_ai_podcast/vincent_racaniello.png,Viruses and Vaccines,Vincent Racaniello,https://lexfridman.com/vincent-racaniello,https://www.youtube.com/watch?v=G433fa01oMU,
215,https://lexfridman.com/files/thumbs_ai_podcast/wojciech_zaremba.png,"OpenAI Codex, GPT-3, Robotics, and the Future of AI",Wojciech Zaremba,https://lexfridman.com/wojciech-zaremba,https://www.youtube.com/watch?v=U5OD8MjYnOM,
214,https://lexfridman.com/files/thumbs_ai_podcast/jed_buchwald.png,Isaac Newton and the Philosophy of Science,Jed Buchwald,https://lexfridman.com/jed-buchwald,https://www.youtube.com/watch?v=TRdL6ZzWBS0,
213,https://lexfridman.com/files/thumbs_ai_podcast/barry_barish.png,Gravitational Waves and the Most Precise Device Ever Built,Barry Barish,https://lexfridman.com/barry-barish,https://www.youtube.com/watch?v=J48bm21q8_A,
212,https://lexfridman.com/files/thumbs_ai_podcast/joscha_bach_2.png,"Nature of Reality, Dreams, and Consciousness",Joscha Bach,https://lexfridman.com/joscha-bach-2,https://www.youtube.com/watch?v=rIpUf-Vy2JA,
211,https://lexfridman.com/files/thumbs_ai_podcast/brian_muraresku.png,The Secret History of Psychedelics,Brian Muraresku,https://lexfridman.com/brian-muraresku,https://www.youtube.com/watch?v=oYQh1ZNkC70,
210,https://lexfridman.com/files/thumbs_ai_podcast/matt_walker.png,Sleep,Matt Walker,https://lexfridman.com/matt-walker,https://www.youtube.com/watch?v=Hc4XvHTlW3s,
209,https://lexfridman.com/files/thumbs_ai_podcast/luis_and_joao_batalha.png,Fermat's Library and the Art of Studying Papers,Luís and João Batalha,https://lexfridman.com/luis-and-joao-batalha,https://www.youtube.com/watch?v=ndMahzDCH1Y,
208,https://lexfridman.com/files/thumbs_ai_podcast/jeff_hawkins_2.png,The Thousand Brains Theory of Intelligence,Jeff Hawkins,https://lexfridman.com/jeff-hawkins-2,https://www.youtube.com/watch?v=Z1KwkpTUbkg,
207,https://lexfridman.com/files/thumbs_ai_podcast/chris_duffin.png,The Mad Scientist of Strength,Chris Duffin,https://lexfridman.com/chris-duffin,https://www.youtube.com/watch?v=e4Bet29PVPY,
206,https://lexfridman.com/files/thumbs_ai_podcast/ishan_misra.png,Self-Supervised Deep Learning in Computer Vision,Ishan Misra,https://lexfridman.com/ishan-misra,https://www.youtube.com/watch?v=FUS6ceIvUnI,
205,https://lexfridman.com/files/thumbs_ai_podcast/zach_bitter.png,Ultramarathon Running,Zach Bitter,https://lexfridman.com/zach-bitter,https://www.youtube.com/watch?v=0RTWSJAqTPg,
204,https://lexfridman.com/files/thumbs_ai_podcast/cumrun_vafa.png,String Theory,Cumrun Vafa,https://lexfridman.com/cumrun-vafa,https://www.youtube.com/watch?v=j4_VyRDOmN4,
203,https://lexfridman.com/files/thumbs_ai_podcast/anya_fernald.png,Regenerative Farming and the Art of Cooking Meat,Anya Fernald,https://lexfridman.com/anya-fernald,https://www.youtube.com/watch?v=ew8U43IXTfk,
202,https://lexfridman.com/files/thumbs_ai_podcast/rick_doblin.png,Psychedelics,Rick Doblin,https://lexfridman.com/rick-doblin,https://www.youtube.com/watch?v=2tUiLxtrLxk,
201,https://lexfridman.com/files/thumbs_ai_podcast/konstantin_batygin.png,Planet 9 and the Edge of Our Solar System,Konstantin Batygin,https://lexfridman.com/konstantin-batygin,https://www.youtube.com/watch?v=tm7poMupE8k,
200,https://lexfridman.com/files/thumbs_ai_podcast/michael_malice_3.png,Totalitarianism and Anarchy,Michael Malice,https://lexfridman.com/michael-malice-3,https://www.youtube.com/watch?v=R5rNoV1Qy_Q,
199,https://lexfridman.com/files/thumbs_ai_podcast/roger_reaves.png,Smuggling Drugs for Pablo Escobar and the Medellin Cartel,Roger Reaves,https://lexfridman.com/roger-reaves,https://www.youtube.com/watch?v=Udh22kuLebg,
198,https://lexfridman.com/files/thumbs_ai_podcast/sara_walker.png,The Origin of Life on Earth and Alien Worlds,Sara Walker,https://lexfridman.com/sara-walker,https://www.youtube.com/watch?v=-tDQ74I3Ovs,
197,https://lexfridman.com/files/thumbs_ai_podcast/jocko_willink.png,"War, Leadership, and Discipline",Jocko Willink,https://lexfridman.com/jocko-willink,https://www.youtube.com/watch?v=n2RcVEftY48,
196,https://lexfridman.com/files/thumbs_ai_podcast/yeonmi_park.png,North Korea,Yeonmi Park,https://lexfridman.com/yeonmi-park,https://www.youtube.com/watch?v=usDqSEKDVsA,
195,https://lexfridman.com/files/thumbs_ai_podcast/clara_sousa_silva.png,Searching for Signs of Life on Venus and Other Planets,Clara Sousa-Silva,https://lexfridman.com/clara-sousa-silva,https://www.youtube.com/watch?v=CGAvsmokB4c,
194,https://lexfridman.com/files/thumbs_ai_podcast/bret_weinstein.png,"Truth, Science, and Censorship in the Time of a Pandemic",Bret Weinstein,https://lexfridman.com/bret-weinstein,https://www.youtube.com/watch?v=TG6BuSjwP4o,
193,https://lexfridman.com/files/thumbs_ai_podcast/rob_reid.png,The Existential Threat of Engineered Viruses and Lab Leaks,Rob Reid,https://lexfridman.com/rob-reid,https://www.youtube.com/watch?v=cuD9uNFXnU8,
192,https://lexfridman.com/files/thumbs_ai_podcast/charles_hoskinson.png,Cardano,Charles Hoskinson,https://lexfridman.com/charles-hoskinson,https://www.youtube.com/watch?v=FKh8hjJNhWc,
191,https://lexfridman.com/files/thumbs_ai_podcast/daniel_schmachtenberger.png,Steering Civilization Away from Self-Destruction,Daniel Schmachtenberger,https://lexfridman.com/daniel-schmachtenberger,https://www.youtube.com/watch?v=hGRNUw559SE,
190,https://lexfridman.com/files/thumbs_ai_podcast/jordan_ellenberg.png,Mathematics of High-Dimensional Shapes and Geometries,Jordan Ellenberg,https://lexfridman.com/jordan-ellenberg,https://www.youtube.com/watch?v=tueAcSiiqYA,
189,https://lexfridman.com/files/thumbs_ai_podcast/david_sinclair.png,Extending the Human Lifespan Beyond 100 Years,David Sinclair,https://lexfridman.com/david-sinclair,https://www.youtube.com/watch?v=jhKZIq3SlYE,
188,https://lexfridman.com/files/thumbs_ai_podcast/vitalik_buterin_2.png,Ethereum 2.0,Vitalik Buterin,https://lexfridman.com/vitalik-buterin-2,https://www.youtube.com/watch?v=XW0QZmtbjvs,
187,https://lexfridman.com/files/thumbs_ai_podcast/frank_wilczek.png,"Physics of Quarks, Dark Matter, Complexity, Life & Aliens",Frank Wilczek,https://lexfridman.com/frank-wilczek,https://www.youtube.com/watch?v=LDTe8uFqbws,
186,https://lexfridman.com/files/thumbs_ai_podcast/bryan_johnson.png,Kernel Brain-Computer Interfaces,Bryan Johnson,https://lexfridman.com/bryan-johnson,https://www.youtube.com/watch?v=1YbcB6b4A2U,
185,https://lexfridman.com/files/thumbs_ai_podcast/sam_harris.png,"Consciousness, Free Will, Psychedelics, AI, UFOs, and Meaning",Sam Harris,https://lexfridman.com/sam-harris,https://www.youtube.com/watch?v=4dC_nRYIDZU,
184,https://lexfridman.com/files/thumbs_ai_podcast/katherine_de_kleer.png,"Planets, Moons, Asteroids & Life in Our Solar System",Katherine de Kleer,https://lexfridman.com/katherine-de-kleer,https://www.youtube.com/watch?v=85F0FDsPHf8,
183,https://lexfridman.com/files/thumbs_ai_podcast/po_shen_loh.png,"Mathematics, Math Olympiad, Combinatorics & Contact Tracing",Po-Shen Loh,https://lexfridman.com/po-shen-loh,https://www.youtube.com/watch?v=6z1JwZbX4dQ,
182,https://lexfridman.com/files/thumbs_ai_podcast/john_danaher.png,"The Path to Mastery in Jiu Jitsu, Grappling, Judo, and MMA",John Danaher,https://lexfridman.com/john-danaher,https://www.youtube.com/watch?v=ktuw6Ow4sd0,
181,https://lexfridman.com/files/thumbs_ai_podcast/sergey_nazarov.png,"Chainlink, Smart Contracts, and Oracle Networks",Sergey Nazarov,https://lexfridman.com/sergey-nazarov,https://www.youtube.com/watch?v=TPXTmVdlyoc,
180,https://lexfridman.com/files/thumbs_ai_podcast/jeremi_suri.png,History of American Power,Jeremi Suri,https://lexfridman.com/jeremi-suri,https://www.youtube.com/watch?v=USnqkUAr_3w,
179,https://lexfridman.com/files/thumbs_ai_podcast/georges_st_pierre.png,The Science of Fighting,Georges St-Pierre,https://lexfridman.com/georges-st-pierre,https://www.youtube.com/watch?v=fIPxfzfOTxk,
178,https://lexfridman.com/files/thumbs_ai_podcast/michael_malice_and_yaron_brook.png,"Ayn Rand, Human Nature, and Anarchy",Michael Malice and Yaron Brook,https://lexfridman.com/michael-malice-and-yaron-brook,https://www.youtube.com/watch?v=Pl3x4GINtBQ,
177,https://lexfridman.com/files/thumbs_ai_podcast/risto_miikkulainen.png,Neuroevolution and Evolutionary Computation,Risto Miikkulainen,https://lexfridman.com/risto-miikkulainen,https://www.youtube.com/watch?v=CY_LEa9xQtg,
176,https://lexfridman.com/files/thumbs_ai_podcast/robert_breedlove.png,Philosophy of Bitcoin from First Principles,Robert Breedlove,https://lexfridman.com/robert-breedlove,https://www.youtube.com/watch?v=HrehEWYj16s,
175,https://lexfridman.com/files/thumbs_ai_podcast/yannis_pappas.png,History and Comedy,Yannis Pappas,https://lexfridman.com/yannis-pappas,https://www.youtube.com/watch?v=dmVqpx4YOY4,
174,https://lexfridman.com/files/thumbs_ai_podcast/tyler_cowen.png,Economic Growth & the Fight Against Conformity & Mediocrity,Tyler Cowen,https://lexfridman.com/tyler-cowen,https://www.youtube.com/watch?v=7Grseeycor4,
173,https://lexfridman.com/files/thumbs_ai_podcast/nic_carter.png,"Bitcoin Core Values, Layered Scaling, and Blocksize Debates",Nic Carter,https://lexfridman.com/nic-carter,https://www.youtube.com/watch?v=mDyBbGCiBUU,
172,https://lexfridman.com/files/thumbs_ai_podcast/ryan_schiller.png,Librex and the Free Exchange of Ideas on College Campuses,Ryan Schiller,https://lexfridman.com/ryan-schiller,https://www.youtube.com/watch?v=UOEpe17nPhE,
171,https://lexfridman.com/files/thumbs_ai_podcast/anthony_pompliano.png,Bitcoin,Anthony Pompliano,https://lexfridman.com/anthony-pompliano,https://www.youtube.com/watch?v=IHg6ixt3CKc,
170,https://lexfridman.com/files/thumbs_ai_podcast/ronald_sullivan.png,The Ideal of Justice in the Face of Controversy and Evil,Ronald Sullivan,https://lexfridman.com/ronald-sullivan,https://www.youtube.com/watch?v=Iuven0crywo,
169,https://lexfridman.com/files/thumbs_ai_podcast/ryan_hall_2.png,Solving Martial Arts from First Principles,Ryan Hall,https://lexfridman.com/ryan-hall-2,https://www.youtube.com/watch?v=VHg9sfOzBbY,
168,https://lexfridman.com/files/thumbs_ai_podcast/silvio_micali.png,"Cryptocurrency, Blockchain, Algorand, Bitcoin & Ethereum",Silvio Micali,https://lexfridman.com/silvio-micali,https://www.youtube.com/watch?v=zNdhgOk4-fE,
167,https://lexfridman.com/files/thumbs_ai_podcast/saagar_enjeti.png,"Politics, History, and Power",Saagar Enjeti,https://lexfridman.com/saagar-enjeti,https://www.youtube.com/watch?v=grceJbuPUXI,
166,https://lexfridman.com/files/thumbs_ai_podcast/cal_newport.png,"Deep Work, Focus, Productivity, Email, and Social Media",Cal Newport,https://lexfridman.com/cal-newport,https://www.youtube.com/watch?v=y3Umo_jd5AA,
165,https://lexfridman.com/files/thumbs_ai_podcast/josh_barnett.png,"Philosophy of Violence, Power, and the Martial Arts",Josh Barnett,https://lexfridman.com/josh-barnett,https://www.youtube.com/watch?v=YJWPowbCK_I,
164,https://lexfridman.com/files/thumbs_ai_podcast/andrew_huberman_2.png,"Sleep, Dreams, Creativity, Fasting, and Neuroplasticity",Andrew Huberman,https://lexfridman.com/andrew-huberman-2,https://www.youtube.com/watch?v=ClxRHJPz8aQ,
163,https://lexfridman.com/files/thumbs_ai_podcast/eric_weinstein_4.png,"Difficult Conversations, Freedom of Speech, and Physics",Eric Weinstein,https://lexfridman.com/eric-weinstein-4,https://www.youtube.com/watch?v=ifX_JnBfxTY,
162,https://lexfridman.com/files/thumbs_ai_podcast/jim_keller_2.png,"The Future of Computing, AI, Life, and Consciousness",Jim Keller,https://lexfridman.com/jim-keller-2,https://www.youtube.com/watch?v=G4hL5Om4IJ4,
161,https://lexfridman.com/files/thumbs_ai_podcast/jason_calacanis.png,"Startups, Angel Investing, Capitalism, and Friendship",Jason Calacanis,https://lexfridman.com/jason-calacanis,https://www.youtube.com/watch?v=d2bYwYxqJCM,
160,https://lexfridman.com/files/thumbs_ai_podcast/brendan_eich.png,"JavaScript, Firefox, Mozilla, and Brave",Brendan Eich,https://lexfridman.com/brendan-eich,https://www.youtube.com/watch?v=krB0enBeSiE,
159,https://lexfridman.com/files/thumbs_ai_podcast/richard_craib.png,"WallStreetBets, Numerai, and the Future of Stock Trading",Richard Craib,https://lexfridman.com/richard-craib,https://www.youtube.com/watch?v=ziQSpuST6Es,
158,https://lexfridman.com/files/thumbs_ai_podcast/zev_weinstein.png,The Next Generation of Big Ideas and Brave Minds,Zev Weinstein,https://lexfridman.com/zev-weinstein,https://www.youtube.com/watch?v=QSPtSNqUCUw,
157,https://lexfridman.com/files/thumbs_ai_podcast/natalya_bailey.png,Rocket Engines and Electric Spacecraft Propulsion,Natalya Bailey,https://lexfridman.com/natalya-bailey,https://www.youtube.com/watch?v=CejJ2aVRUE8,
156,https://lexfridman.com/files/thumbs_ai_podcast/tim_dillon.png,"Comedy, Power, Conspiracy Theories, and Freedom",Tim Dillon,https://lexfridman.com/tim-dillon,https://www.youtube.com/watch?v=8wYZjOzfTUk,
155,https://lexfridman.com/files/thumbs_ai_podcast/max_tegmark_2.png,AI and Physics,Max Tegmark,https://lexfridman.com/max-tegmark-2,https://www.youtube.com/watch?v=RL4j4KPwNGM,
154,https://lexfridman.com/files/thumbs_ai_podcast/avi_loeb.png,"Aliens, Black Holes, and the Mystery of the Oumuamua",Avi Loeb,https://lexfridman.com/avi-loeb,https://www.youtube.com/watch?v=plcc6E-E1uU,
153,https://lexfridman.com/files/thumbs_ai_podcast/dmitry_korkin_2.png,"Evolution of Proteins, Viruses, Life, and AI",Dmitry Korkin,https://lexfridman.com/dmitry-korkin-2,https://www.youtube.com/watch?v=I51DuprOb0o,
152,https://lexfridman.com/files/thumbs_ai_podcast/dan_gable.png,"Olympic Wrestling, Mental Toughness & the Making of Champions",Dan Gable,https://lexfridman.com/dan-gable,https://www.youtube.com/watch?v=pRzelZlKl7E,
151,https://lexfridman.com/files/thumbs_ai_podcast/dan_kokotov.png,Speech Recognition with AI and Humans,Dan Kokotov,https://lexfridman.com/dan-kokotov,https://www.youtube.com/watch?v=yTWa-Z1UQwU,
150,https://lexfridman.com/files/thumbs_ai_podcast/michael_malice_2.png,"Freedom, Hope, and Happiness Amidst Chaos",Michael Malice,https://lexfridman.com/michael-malice-2,https://www.youtube.com/watch?v=uykM3NhJbso,
149,https://lexfridman.com/files/thumbs_ai_podcast/diana_walsh_pasulka.png,"Aliens, Technology, Religion & the Nature of Belief",Diana Walsh Pasulka,https://lexfridman.com/diana-walsh-pasulka,https://www.youtube.com/watch?v=iqBh7G4uDR8,
148,https://lexfridman.com/files/thumbs_ai_podcast/charles_isbell_and_michael_littman.png,Machine Learning and Education,Charles Isbell and Michael Littman,https://lexfridman.com/charles-isbell-and-michael-littman,https://www.youtube.com/watch?v=yzMVEbs8Zz0,
147,https://lexfridman.com/files/thumbs_ai_podcast/dmitri_dolgov.png,Waymo and the Future of Self-Driving Cars,Dmitri Dolgov,https://lexfridman.com/dmitri-dolgov,https://www.youtube.com/watch?v=P6prRXkI5HM,
146,https://lexfridman.com/files/thumbs_ai_podcast/michael_mina.png,"Rapid Testing, Viruses, and the Engineering Mindset",Michael Mina,https://lexfridman.com/michael-mina,https://www.youtube.com/watch?v=L-RuvUkcyJI,
145,https://lexfridman.com/files/thumbs_ai_podcast/matthew_johnson.png,Psychedelics,Matthew Johnson,https://lexfridman.com/matthew-johnson,https://www.youtube.com/watch?v=ICj8p5jPd3Y,
144,https://lexfridman.com/files/thumbs_ai_podcast/michael_littman.png,Reinforcement Learning and the Future of AI,Michael Littman,https://lexfridman.com/michael-littman,https://www.youtube.com/watch?v=c9AbECvRt20,
143,https://lexfridman.com/files/thumbs_ai_podcast/john_clarke.png,The Art of Fighting and the Pursuit of Excellence,John Clarke,https://lexfridman.com/john-clarke,https://www.youtube.com/watch?v=RvhpncC5jZ8,
142,https://lexfridman.com/files/thumbs_ai_podcast/manolis_kellis_4.png,"Meaning of Life, the Universe, and Everything",Manolis Kellis,https://lexfridman.com/manolis-kellis-4,https://www.youtube.com/watch?v=bgNzUxyS-kQ,
141,https://lexfridman.com/files/thumbs_ai_podcast/erik_brynjolfsson.png,"Economics of AI, Social Networks, and Technology",Erik Brynjolfsson,https://lexfridman.com/erik-brynjolfsson,https://www.youtube.com/watch?v=NOReE-3EBhI,
140,https://lexfridman.com/files/thumbs_ai_podcast/lisa_feldman_barrett_2.png,"Love, Evolution, and the Human Brain",Lisa Feldman Barrett,https://lexfridman.com/lisa-feldman-barrett-2,https://www.youtube.com/watch?v=S_AFc_BXht4,
139,https://lexfridman.com/files/thumbs_ai_podcast/andrew_huberman.png,Neuroscience of Optimal Performance,Andrew Huberman,https://lexfridman.com/andrew-huberman,https://www.youtube.com/watch?v=Ktj050DxG7Q,
138,https://lexfridman.com/files/thumbs_ai_podcast/yaron_brook.png,Ayn Rand and the Philosophy of Objectivism,Yaron Brook,https://lexfridman.com/yaron-brook,https://www.youtube.com/watch?v=SOr1YYRljV8,
137,https://lexfridman.com/files/thumbs_ai_podcast/alex_filippenko.png,"Supernovae, Dark Energy, Aliens & the Expanding Universe",Alex Filippenko,https://lexfridman.com/alex-filippenko,https://www.youtube.com/watch?v=WxfA1OSev4c,
136,https://lexfridman.com/files/thumbs_ai_podcast/dan_carlin.png,Hardcore History,Dan Carlin,https://lexfridman.com/dan-carlin,https://www.youtube.com/watch?v=-k-ztNsBM54,
135,https://lexfridman.com/files/thumbs_ai_podcast/charles_isbell.png,"Computing, Interactive AI, and Race in America",Charles Isbell,https://lexfridman.com/charles-isbell,https://www.youtube.com/watch?v=LAyZ8IYfGxQ,
134,https://lexfridman.com/files/thumbs_ai_podcast/eric_weinstein_3.png,"On the Nature of Good and Evil, Genius and Madness",Eric Weinstein,https://lexfridman.com/eric-weinstein-3,https://www.youtube.com/watch?v=o2nG7-eXxko,
133,https://lexfridman.com/files/thumbs_ai_podcast/manolis_kellis_3.png,Biology of Disease,Manolis Kellis,https://lexfridman.com/manolis-kellis-3,https://www.youtube.com/watch?v=Aq9UPIXbtKI,
132,https://lexfridman.com/files/thumbs_ai_podcast/george_hotz_2.png,Hacking the Simulation & Learning to Drive with Neural Nets,George Hotz,https://lexfridman.com/george-hotz-2,https://www.youtube.com/watch?v=_L3gNaAVjQ4,
131,https://lexfridman.com/files/thumbs_ai_podcast/chris_lattner_2.png,The Future of Computing and Programming Languages,Chris Lattner,https://lexfridman.com/chris-lattner-2,https://www.youtube.com/watch?v=nWTvXbQHwWs,
130,https://lexfridman.com/files/thumbs_ai_podcast/scott_aaronson_2.png,Computational Complexity and Consciousness,Scott Aaronson,https://lexfridman.com/scott-aaronson-2,https://www.youtube.com/watch?v=nAMjv0NAESM,
129,https://lexfridman.com/files/thumbs_ai_podcast/lisa_feldman_barrett.png,Counterintuitive Ideas About How the Brain Works,Lisa Feldman Barrett,https://lexfridman.com/lisa-feldman-barrett,https://www.youtube.com/watch?v=NbdRIVCBqNI,
128,https://lexfridman.com/files/thumbs_ai_podcast/michael_malice.png,"Anarchy, Democracy, Libertarianism, Love, and Trolling",Michael Malice,https://lexfridman.com/michael-malice,https://www.youtube.com/watch?v=BIk1zUy8ehU,
127,https://lexfridman.com/files/thumbs_ai_podcast/joe_rogan.png,"Fear, Love, Chaos, and the Joe Rogan Experience",Joe Rogan,https://lexfridman.com/joe-rogan,https://www.youtube.com/watch?v=FKCJWkPehdY,
126,https://lexfridman.com/files/thumbs_ai_podcast/james_gosling.png,"Java, JVM, Emacs, and the Early Days of Computing",James Gosling,https://lexfridman.com/james-gosling,https://www.youtube.com/watch?v=IT__Nrr3PNI,
125,https://lexfridman.com/files/thumbs_ai_podcast/ryan_hall.png,"Martial Arts and the Philosophy of Violence, Power, and Grace",Ryan Hall,https://lexfridman.com/ryan-hall,https://www.youtube.com/watch?v=hhEwWghH_XM,
124,https://lexfridman.com/files/thumbs_ai_podcast/stephen_wolfram_2.png,"Fundamental Theory of Physics, Life, and the Universe",Stephen Wolfram,https://lexfridman.com/stephen-wolfram-2,https://www.youtube.com/watch?v=-t1_ffaFXao,
123,https://lexfridman.com/files/thumbs_ai_podcast/manolis_kellis_2.png,"Origin of Life, Humans, Ideas, Suffering, and Happiness",Manolis Kellis,https://lexfridman.com/manolis-kellis-2,https://www.youtube.com/watch?v=t06rkOOUa7g,
122,https://lexfridman.com/files/thumbs_ai_podcast/david_fravor.png,"UFOs, Aliens, Fighter Jets, and Aerospace Engineering",David Fravor,https://lexfridman.com/david-fravor,https://www.youtube.com/watch?v=aB8zcAttP1E,
121,https://lexfridman.com/files/thumbs_ai_podcast/eugenia_kuyda.png,Friendship with an AI Companion,Eugenia Kuyda,https://lexfridman.com/eugenia-kuyda,https://www.youtube.com/watch?v=_AGPbvCDBCk,
120,https://lexfridman.com/files/thumbs_ai_podcast/francois_chollet_2.png,Measures of Intelligence,François Chollet,https://lexfridman.com/francois-chollet-2,https://www.youtube.com/watch?v=PUAdj3w3wO4,
119,https://lexfridman.com/files/thumbs_ai_podcast/david_eagleman.png,Neuroplasticity and the Livewired Brain,David Eagleman,https://lexfridman.com/david-eagleman,https://www.youtube.com/watch?v=386s-y1aRRo,
118,https://lexfridman.com/files/thumbs_ai_podcast/grant_sanderson_2.png,"Math, Manim, Neural Networks & Teaching with 3Blue1Brown",Grant Sanderson,https://lexfridman.com/grant-sanderson-2,https://www.youtube.com/watch?v=U_6AYX42gkU,
117,https://lexfridman.com/files/thumbs_ai_podcast/sheldon_solomon.png,Death and Meaning,Sheldon Solomon,https://lexfridman.com/sheldon-solomon,https://www.youtube.com/watch?v=qfKyNxfyWbo,
116,https://lexfridman.com/files/thumbs_ai_podcast/sara_seager.png,Search for Planets and Life Outside Our Solar System,Sara Seager,https://lexfridman.com/sara-seager,https://www.youtube.com/watch?v=-jA2ABHBc6Y,
115,https://lexfridman.com/files/thumbs_ai_podcast/dileep_george.png,Brain-Inspired AI,Dileep George,https://lexfridman.com/dileep-george,https://www.youtube.com/watch?v=tg_m_LxxRwM,
114,https://lexfridman.com/files/thumbs_ai_podcast/russ_tedrake.png,"Underactuated Robotics, Control, Dynamics and Touch",Russ Tedrake,https://lexfridman.com/russ-tedrake,https://www.youtube.com/watch?v=A22Ej6kb2wo,
113,https://lexfridman.com/files/thumbs_ai_podcast/manolis_kellis.png,Human Genome and Evolutionary Dynamics,Manolis Kellis,https://lexfridman.com/manolis-kellis,https://www.youtube.com/watch?v=brslF-Cy3HU,
112,https://lexfridman.com/files/thumbs_ai_podcast/ian_hutchinson.png,"Nuclear Fusion, Plasma Physics, and Religion",Ian Hutchinson,https://lexfridman.com/ian-hutchinson,https://www.youtube.com/watch?v=pDSEjaDCtOU,
111,https://lexfridman.com/files/thumbs_ai_podcast/richard_karp.png,Algorithms and Computational Complexity,Richard Karp,https://lexfridman.com/richard-karp,https://www.youtube.com/watch?v=KllCrlfLuzs,
110,https://lexfridman.com/files/thumbs_ai_podcast/jitendra_malik.png,Computer Vision,Jitendra Malik,https://lexfridman.com/jitendra-malik,https://www.youtube.com/watch?v=LRYkH-fAVGE,
109,https://lexfridman.com/files/thumbs_ai_podcast/brian_kernighan.png,"UNIX, C, AWK, AMPL, and Go Programming",Brian Kernighan,https://lexfridman.com/brian-kernighan,https://www.youtube.com/watch?v=O9upVbGSBFo,
108,https://lexfridman.com/files/thumbs_ai_podcast/sergey_levine.png,Robotics and Machine Learning,Sergey Levine,https://lexfridman.com/sergey-levine,https://www.youtube.com/watch?v=kxi-_TT_-Nc,
107,https://lexfridman.com/files/thumbs_ai_podcast/peter_singer.png,"Suffering in Humans, Animals, and AI",Peter Singer,https://lexfridman.com/peter-singer,https://www.youtube.com/watch?v=llh-2pqSGrs,
106,https://lexfridman.com/files/thumbs_ai_podcast/matt_botvinick.png,"Neuroscience, Psychology, and AI at DeepMind",Matt Botvinick,https://lexfridman.com/matt-botvinick,https://www.youtube.com/watch?v=3t06ajvBtl0,
105,https://lexfridman.com/files/thumbs_ai_podcast/robert_langer.png,Edison of Medicine,Robert Langer,https://lexfridman.com/robert-langer,https://www.youtube.com/watch?v=9LQffCdHHlQ,
104,https://lexfridman.com/files/thumbs_ai_podcast/david_patterson.png,Computer Architecture and Data Storage,David Patterson,https://lexfridman.com/david-patterson,https://www.youtube.com/watch?v=naed4C4hfAg,
103,https://lexfridman.com/files/thumbs_ai_podcast/ben_goertzel.png,Artificial General Intelligence,Ben Goertzel,https://lexfridman.com/ben-goertzel,https://www.youtube.com/watch?v=OpSmCKe27WE,
102,https://lexfridman.com/files/thumbs_ai_podcast/steven_pressfield.png,The War of Art,Steven Pressfield,https://lexfridman.com/steven-pressfield,https://www.youtube.com/watch?v=PgtedwKGhXs,
101,https://lexfridman.com/files/thumbs_ai_podcast/joscha_bach.png,Artificial Consciousness and the Nature of Reality,Joscha Bach,https://lexfridman.com/joscha-bach,https://www.youtube.com/watch?v=P-2P3MSZrBM,
99,https://lexfridman.com/files/thumbs_ai_podcast/karl_friston.png,Neuroscience and the Free Energy Principle,Karl Friston,https://lexfridman.com/karl-friston,https://www.youtube.com/watch?v=NwzuibY5kUs,
98,https://lexfridman.com/files/thumbs_ai_podcast/kate_darling.png,Social Robotics,Kate Darling,https://lexfridman.com/kate-darling,https://www.youtube.com/watch?v=7KTbEn7PiaY,
97,https://lexfridman.com/files/thumbs_ai_podcast/sertac_karaman.png,Robots That Fly and Robots That Drive,Sertac Karaman,https://lexfridman.com/sertac-karaman,https://www.youtube.com/watch?v=M1-v-dXIzho,
96,https://lexfridman.com/files/thumbs_ai_podcast/stephen_schwarzman.png,"Going Big in Business, Investing, and AI",Stephen Schwarzman,https://lexfridman.com/stephen-schwarzman,https://www.youtube.com/watch?v=aYwDs9LTN50,
95,https://lexfridman.com/files/thumbs_ai_podcast/dawn_song.png,Adversarial Machine Learning and Computer Security,Dawn Song,https://lexfridman.com/dawn-song,https://www.youtube.com/watch?v=HhY95m-WD_E,
94,https://lexfridman.com/files/thumbs_ai_podcast/ilya_sutskever.png,Deep Learning,Ilya Sutskever,https://lexfridman.com/ilya-sutskever,https://www.youtube.com/watch?v=13CZPWmke6A,
93,https://lexfridman.com/files/thumbs_ai_podcast/daphne_koller.png,Biomedicine and Machine Learning,Daphne Koller,https://lexfridman.com/daphne-koller,https://www.youtube.com/watch?v=xlMTWfkQqbY,
92,https://lexfridman.com/files/thumbs_ai_podcast/harry_cliff.png,Particle Physics and the Large Hadron Collider,Harry Cliff,https://lexfridman.com/harry-cliff,https://www.youtube.com/watch?v=8A-5gIW0-eI,
91,https://lexfridman.com/files/thumbs_ai_podcast/jack_dorsey.png,"Square, Cryptocurrency, and Artificial Intelligence",Jack Dorsey,https://lexfridman.com/jack-dorsey,https://www.youtube.com/watch?v=60KJz1BVTyU,
90,https://lexfridman.com/files/thumbs_ai_podcast/dmitry_korkin.png,Computational Biology of Coronavirus,Dmitry Korkin,https://lexfridman.com/dmitry-korkin,https://www.youtube.com/watch?v=CwyOUS8TSl0,
89,https://lexfridman.com/files/thumbs_ai_podcast/stephen_wolfram.png,"Cellular Automata, Computation, and Physics",Stephen Wolfram,https://lexfridman.com/stephen-wolfram,https://www.youtube.com/watch?v=ez773teNFYA,
88,https://lexfridman.com/files/thumbs_ai_podcast/eric_weinstein_2.png,Geometric Unity and the Call for New Ideas & Institutions,Eric Weinstein,https://lexfridman.com/eric-weinstein-2,https://www.youtube.com/watch?v=rIAZJNe7YtE,
87,https://lexfridman.com/files/thumbs_ai_podcast/richard_dawkins.png,"Evolution, Intelligence, Simulation, and Memes",Richard Dawkins,https://lexfridman.com/richard-dawkins,https://www.youtube.com/watch?v=5f-JlzBuUUU,
86,https://lexfridman.com/files/thumbs_ai_podcast/david_silver.png,"AlphaGo, AlphaZero, and Deep Reinforcement Learning",David Silver,https://lexfridman.com/david-silver,https://www.youtube.com/watch?v=uPUEq8d73JI,
85,https://lexfridman.com/files/thumbs_ai_podcast/roger_penrose.png,Physics of Consciousness and the Infinite Universe,Roger Penrose,https://lexfridman.com/roger-penrose,https://www.youtube.com/watch?v=orMtwOz6Db0,
84,https://lexfridman.com/files/thumbs_ai_podcast/william_macaskill.png,Effective Altruism,William MacAskill,https://lexfridman.com/william-macaskill,https://www.youtube.com/watch?v=NvsI8ijW8xU,
83,https://lexfridman.com/files/thumbs_ai_podcast/nick_bostrom.png,Simulation and Superintelligence,Nick Bostrom,https://lexfridman.com/nick-bostrom,https://www.youtube.com/watch?v=rfKiTGj-zeQ,
82,https://lexfridman.com/files/thumbs_ai_podcast/simon_sinek.png,"Leadership, Hard Work, Optimism and the Infinite Game",Simon Sinek,https://lexfridman.com/simon-sinek,https://www.youtube.com/watch?v=_TTNGq9djU4,
81,https://lexfridman.com/files/thumbs_ai_podcast/anca_dragan.png,Human-Robot Interaction and Reward Engineering,Anca Dragan,https://lexfridman.com/anca-dragan,https://www.youtube.com/watch?v=iOCfIFBBpVY,
80,https://lexfridman.com/files/thumbs_ai_podcast/vitalik_buterin.png,"Ethereum, Cryptocurrency, and the Future of Money",Vitalik Buterin,https://lexfridman.com/vitalik-buterin,https://www.youtube.com/watch?v=3x1b_S6Qp2Q,
79,https://lexfridman.com/files/thumbs_ai_podcast/lee_smolin.png,Quantum Gravity and Einstein's Unfinished Revolution,Lee Smolin,https://lexfridman.com/lee-smolin,https://www.youtube.com/watch?v=WgLo4gmEraU,
78,https://lexfridman.com/files/thumbs_ai_podcast/ann_druyan.png,"Cosmos, Carl Sagan, Voyager, and the Beauty of Science",Ann Druyan,https://lexfridman.com/ann-druyan,https://www.youtube.com/watch?v=7jFdxd1qX2g,
77,https://lexfridman.com/files/thumbs_ai_podcast/alex_garland.png,"Ex Machina, Devs, Annihilation, and the Poetry of Science",Alex Garland,https://lexfridman.com/alex-garland,https://www.youtube.com/watch?v=gU-mkuMU428,
76,https://lexfridman.com/files/thumbs_ai_podcast/john_hopfield.png,Physics View of the Mind and Neurobiology,John Hopfield,https://lexfridman.com/john-hopfield,https://www.youtube.com/watch?v=DKyzcbNr8WE,
75,https://lexfridman.com/files/thumbs_ai_podcast/marcus_hutter.png,"Universal Artificial Intelligence, AIXI, and AGI",Marcus Hutter,https://lexfridman.com/marcus-hutter,https://www.youtube.com/watch?v=E1AxVXt2Gv4,
74,https://lexfridman.com/files/thumbs_ai_podcast/michael_i_jordan.png,"Machine Learning, Recommender Systems, and Future of AI",Michael I. Jordan,https://lexfridman.com/michael-i-jordan,https://www.youtube.com/watch?v=EYIKy_FM9x0,
73,https://lexfridman.com/files/thumbs_ai_podcast/andrew_ng.png,"Deep Learning, Education, and Real-World AI",Andrew Ng,https://lexfridman.com/andrew-ng,https://www.youtube.com/watch?v=0jspaMLxBig,
72,https://lexfridman.com/files/thumbs_ai_podcast/scott_aaronson.png,Quantum Computing,Scott Aaronson,https://lexfridman.com/scott-aaronson,https://www.youtube.com/watch?v=uX5t8EivCaM,
71,https://lexfridman.com/files/thumbs_ai_podcast/vladimir_vapnik_2.png,"Predicates, Invariants, and the Essence of Intelligence",Vladimir Vapnik,https://lexfridman.com/vladimir-vapnik-2,https://www.youtube.com/watch?v=bQa7hpUpMzM,
70,https://lexfridman.com/files/thumbs_ai_podcast/jim_keller.png,"Moore's Law, Microprocessors, and First Principles",Jim Keller,https://lexfridman.com/jim-keller,https://www.youtube.com/watch?v=Nb2tebYAaOA,
69,https://lexfridman.com/files/thumbs_ai_podcast/david_chalmers.png,The Hard Problem of Consciousness,David Chalmers,https://lexfridman.com/david-chalmers,https://www.youtube.com/watch?v=LW59lMvxmY4,
68,https://lexfridman.com/files/thumbs_ai_podcast/cristos_goodrow.png,YouTube Algorithm,Cristos Goodrow,https://lexfridman.com/cristos-goodrow,https://www.youtube.com/watch?v=nkWmiNRPU-c,
67,https://lexfridman.com/files/thumbs_ai_podcast/paul_krugman.png,"Economics of Innovation, Automation, Safety Nets & UBI",Paul Krugman,https://lexfridman.com/paul-krugman,https://www.youtube.com/watch?v=OJQepiqSWvg,
66,https://lexfridman.com/files/thumbs_ai_podcast/ayanna_howard.png,Human-Robot Interaction & Ethics of Safety-Critical Systems,Ayanna Howard,https://lexfridman.com/ayanna-howard,https://www.youtube.com/watch?v=J21-7AsUcgM,
65,https://lexfridman.com/files/thumbs_ai_podcast/daniel_kahneman.png,"Thinking Fast and Slow, Deep Learning, and AI",Daniel Kahneman,https://lexfridman.com/daniel-kahneman,https://www.youtube.com/watch?v=UwwBG-MbniY,
64,https://lexfridman.com/files/thumbs_ai_podcast/grant_sanderson.png,3Blue1Brown and the Beauty of Mathematics,Grant Sanderson,https://lexfridman.com/grant-sanderson,https://www.youtube.com/watch?v=U_lKUK2MCsg,
63,https://lexfridman.com/files/thumbs_ai_podcast/stephen_kotkin.png,"Stalin, Putin, and the Nature of Power",Stephen Kotkin,https://lexfridman.com/stephen-kotkin,https://www.youtube.com/watch?v=oCkkjnpS2f8,
62,https://lexfridman.com/files/thumbs_ai_podcast/donald_knuth.png,"Algorithms, Complexity, and The Art of Computer Programming",Donald Knuth,https://lexfridman.com/donald-knuth,https://www.youtube.com/watch?v=2BdBfsXbST8,
61,https://lexfridman.com/files/thumbs_ai_podcast/melanie_mitchell.png,"Concepts, Analogies, Common Sense & Future of AI",Melanie Mitchell,https://lexfridman.com/melanie-mitchell,https://www.youtube.com/watch?v=ImKkaeUx1MU,
60,https://lexfridman.com/files/thumbs_ai_podcast/jim_gates.png,"Supersymmetry, String Theory and Proving Einstein Right",Jim Gates,https://lexfridman.com/jim-gates,https://www.youtube.com/watch?v=IUHkhB366tE,
59,https://lexfridman.com/files/thumbs_ai_podcast/sebastian_thrun.png,"Flying Cars, Autonomous Vehicles, and Education",Sebastian Thrun,https://lexfridman.com/sebastian-thrun,https://www.youtube.com/watch?v=ZPPAOakITeQ,
58,https://lexfridman.com/files/thumbs_ai_podcast/michael_stevens.png,Vsauce,Michael Stevens,https://lexfridman.com/michael-stevens,https://www.youtube.com/watch?v=3qMemn__kK8,
57,https://lexfridman.com/files/thumbs_ai_podcast/rohit_prasad.png,Amazon Alexa and Conversational AI,Rohit Prasad,https://lexfridman.com/rohit-prasad,https://www.youtube.com/watch?v=Ad89JYS-uZM,
56,https://lexfridman.com/files/thumbs_ai_podcast/judea_pearl.png,"Causal Reasoning, Counterfactuals, and the Path to AGI",Judea Pearl,https://lexfridman.com/judea-pearl,https://www.youtube.com/watch?v=pEBI0vF45ic,
55,https://lexfridman.com/files/thumbs_ai_podcast/whitney_cummings.png,"Comedy, Robotics, Neurology, and Love",Whitney Cummings,https://lexfridman.com/whitney-cummings,https://www.youtube.com/watch?v=0-3kw5BEKB8,
54,https://lexfridman.com/files/thumbs_ai_podcast/ray_dalio.png,"Principles, the Economic Machine, AI & the Arc of Life",Ray Dalio,https://lexfridman.com/ray-dalio,https://www.youtube.com/watch?v=M95m2EFb7IQ,
53,https://lexfridman.com/files/thumbs_ai_podcast/noam_chomsky.png,"Language, Cognition, and Deep Learning",Noam Chomsky,https://lexfridman.com/noam-chomsky,https://www.youtube.com/watch?v=cMscNuSUy0I,
52,https://lexfridman.com/files/thumbs_ai_podcast/gilbert_strang.png,"Linear Algebra, Teaching, and MIT OpenCourseWare",Gilbert Strang,https://lexfridman.com/gilbert-strang,https://www.youtube.com/watch?v=lEZPfmGCEk0,
51,https://lexfridman.com/files/thumbs_ai_podcast/dava_newman.png,"Space Exploration, Space Suits, and Life on Mars",Dava Newman,https://lexfridman.com/dava-newman,https://www.youtube.com/watch?v=2fI6bYnRgSc,
50,https://lexfridman.com/files/thumbs_ai_podcast/michael_kearns.png,"Algorithmic Fairness, Privacy & Ethics",Michael Kearns,https://lexfridman.com/michael-kearns,https://www.youtube.com/watch?v=AzdxbzHtjgs,
49,https://lexfridman.com/files/thumbs_ai_podcast/elon_musk_2.png,"Neuralink, AI, Autopilot, and the Pale Blue Dot",Elon Musk,https://lexfridman.com/elon-musk-2,https://www.youtube.com/watch?v=smK9dgdTl40,
48,https://lexfridman.com/files/thumbs_ai_podcast/bjarne_stroustrup.png,C++,Bjarne Stroustrup,https://lexfridman.com/bjarne-stroustrup,https://www.youtube.com/watch?v=uTxRF5ag27A,
47,https://lexfridman.com/files/thumbs_ai_podcast/sean_carroll_2.png,Quantum Mechanics and the Many-Worlds Interpretation,Sean Carroll,https://lexfridman.com/sean-carroll-2,https://www.youtube.com/watch?v=iNqqOLscOBY,
46,https://lexfridman.com/files/thumbs_ai_podcast/garry_kasparov.png,"Chess, Deep Blue, AI, and Putin",Garry Kasparov,https://lexfridman.com/garry-kasparov,https://www.youtube.com/watch?v=8RVa0THWUWw,
45,https://lexfridman.com/files/thumbs_ai_podcast/michio_kaku.png,"Future of Humans, Aliens, Space Travel & Physics",Michio Kaku,https://lexfridman.com/michio-kaku,https://www.youtube.com/watch?v=kD5yc1LQrpQ,
44,https://lexfridman.com/files/thumbs_ai_podcast/david_ferrucci.png,"IBM Watson, Jeopardy & Deep Conversations with AI",David Ferrucci,https://lexfridman.com/david-ferrucci,https://www.youtube.com/watch?v=Whtt2H5_isM,
43,https://lexfridman.com/files/thumbs_ai_podcast/gary_marcus.png,Toward a Hybrid of Deep Learning and Symbolic AI,Gary Marcus,https://lexfridman.com/gary-marcus,https://www.youtube.com/watch?v=vNOTDn3D_RI,
42,https://lexfridman.com/files/thumbs_ai_podcast/peter_norvig.png,Artificial Intelligence: A Modern Approach,Peter Norvig,https://lexfridman.com/peter-norvig,https://www.youtube.com/watch?v=_VPxEcT_Adc,
41,https://lexfridman.com/files/thumbs_ai_podcast/leonard_susskind.png,"Quantum Mechanics, String Theory and Black Holes",Leonard Susskind,https://lexfridman.com/leonard-susskind,https://www.youtube.com/watch?v=s78hvV3QLUE,
40,https://lexfridman.com/files/thumbs_ai_podcast/regina_barzilay.png,Deep Learning for Cancer Diagnosis and Treatment,Regina Barzilay,https://lexfridman.com/regina-barzilay,https://www.youtube.com/watch?v=x0-zGdlpTeg,
39,https://lexfridman.com/files/thumbs_ai_podcast/colin_angle.png,iRobot CEO,Colin Angle,https://lexfridman.com/colin-angle,https://www.youtube.com/watch?v=1d9Dj9dT_pw,
38,https://lexfridman.com/files/thumbs_ai_podcast/francois_chollet.png,"Keras, Deep Learning, and the Progress of AI",Francois Chollet,https://lexfridman.com/francois-chollet,https://www.youtube.com/watch?v=Bo8MY4JpiXE,
37,https://lexfridman.com/files/thumbs_ai_podcast/vijay_kumar.png,Flying Robots,Vijay Kumar,https://lexfridman.com/vijay-kumar,https://www.youtube.com/watch?v=HYsLTNXMl1Q,
36,https://lexfridman.com/files/thumbs_ai_podcast/yann_lecun.png,"Deep Learning, ConvNets, and Self-Supervised Learning",Yann LeCun,https://lexfridman.com/yann-lecun,https://www.youtube.com/watch?v=SGSOCuByo24,
35,https://lexfridman.com/files/thumbs_ai_podcast/jeremy_howard.png,fast.ai Deep Learning Courses and Research,Jeremy Howard,https://lexfridman.com/jeremy-howard,https://www.youtube.com/watch?v=J6XcP4JOHmk,
34,https://lexfridman.com/files/thumbs_ai_podcast/pamela_mccorduck.png,Machines Who Think and the Early Days of AI,Pamela McCorduck,https://lexfridman.com/pamela-mccorduck,https://www.youtube.com/watch?v=i6rnzk8VU24,
33,https://lexfridman.com/files/thumbs_ai_podcast/keoki_jackson.png,Lockheed Martin,Keoki Jackson,https://lexfridman.com/keoki-jackson,https://www.youtube.com/watch?v=anXep8kBOCg,
32,https://lexfridman.com/files/thumbs_ai_podcast/paola_arlotta.png,Brain Development from Stem Cell to Organoid,Paola Arlotta,https://lexfridman.com/paola-arlotta,https://www.youtube.com/watch?v=lVHRs3uTHNI,
31,https://lexfridman.com/files/thumbs_ai_podcast/george_hotz.png,"Comma.ai, OpenPilot, and Autonomous Vehicles",George Hotz,https://lexfridman.com/george-hotz,https://www.youtube.com/watch?v=iwcYp-XT7UI,
30,https://lexfridman.com/files/thumbs_ai_podcast/kevin_scott.png,Microsoft CTO,Kevin Scott,https://lexfridman.com/kevin-scott,https://www.youtube.com/watch?v=QDN6xvhAw94,
29,https://lexfridman.com/files/thumbs_ai_podcast/gustav_soderstrom.png,Spotify,Gustav Soderstrom,https://lexfridman.com/gustav-soderstrom,https://www.youtube.com/watch?v=v-9Mpe7NhkM,
28,https://lexfridman.com/files/thumbs_ai_podcast/chris_urmson.png,"Self-Driving Cars at Aurora, Google, CMU, and DARPA",Chris Urmson,https://lexfridman.com/chris-urmson,https://www.youtube.com/watch?v=Tj6NOfdfa4o,
27,https://lexfridman.com/files/thumbs_ai_podcast/kai_fu_lee.png,AI Superpowers - China and Silicon Valley,Kai-Fu Lee,https://lexfridman.com/kai-fu-lee,https://www.youtube.com/watch?v=cQ48rP_Rs4g,
26,https://lexfridman.com/files/thumbs_ai_podcast/sean_carroll.png,"The Nature of the Universe, Life, and Intelligence",Sean Carroll,https://lexfridman.com/sean-carroll,https://www.youtube.com/watch?v=l-NJrvyRo0c,
25,https://lexfridman.com/files/thumbs_ai_podcast/jeff_hawkins.png,Thousand Brains Theory of Intelligence,Jeff Hawkins,https://lexfridman.com/jeff-hawkins,https://www.youtube.com/watch?v=-EVqrDlAqYo,
24,https://lexfridman.com/files/thumbs_ai_podcast/rosalind_picard.png,"Affective Computing, Emotion, Privacy, and Health",Rosalind Picard,https://lexfridman.com/rosalind-picard,https://www.youtube.com/watch?v=kq0VO1FqE6I,
23,https://lexfridman.com/files/thumbs_ai_podcast/gavin_miller.png,Adobe Research,Gavin Miller,https://lexfridman.com/gavin-miller,https://www.youtube.com/watch?v=q0mokx-iiws,
22,https://lexfridman.com/files/thumbs_ai_podcast/rajat_monga.png,TensorFlow,Rajat Monga,https://lexfridman.com/rajat-monga,https://www.youtube.com/watch?v=NERNE4UThHU,
21,https://lexfridman.com/files/thumbs_ai_podcast/chris_lattner.png,"Compilers, LLVM, Swift, TPU, and ML Accelerators",Chris Lattner,https://lexfridman.com/chris-lattner,https://www.youtube.com/watch?v=yCd3CzGSte8,
20,https://lexfridman.com/files/thumbs_ai_podcast/oriol_vinyals.png,"DeepMind AlphaStar, StarCraft, and Language",Oriol Vinyals,https://lexfridman.com/oriol-vinyals,https://www.youtube.com/watch?v=Kedt2or9xlo,
19,https://lexfridman.com/files/thumbs_ai_podcast/ian_goodfellow.png,Generative Adversarial Networks (GANs),Ian Goodfellow,https://lexfridman.com/ian-goodfellow,https://www.youtube.com/watch?v=Z6rxFNMGdn0,
18,https://lexfridman.com/files/thumbs_ai_podcast/elon_musk.png,Tesla Autopilot,Elon Musk,https://lexfridman.com/elon-musk,https://www.youtube.com/watch?v=dEv99vxKjVI,
17,https://lexfridman.com/files/thumbs_ai_podcast/greg_brockman.png,OpenAI and AGI,Greg Brockman,https://lexfridman.com/greg-brockman,https://www.youtube.com/watch?v=bIrEM2FbOLU,
16,https://lexfridman.com/files/thumbs_ai_podcast/eric_weinstein.png,"Revolutionary Ideas in Science, Math, and Society",Eric Weinstein,https://lexfridman.com/eric-weinstein,https://www.youtube.com/watch?v=2wq9x2QcZN0,
15,https://lexfridman.com/files/thumbs_ai_podcast/leslie_kaelbling.png,"Reinforcement Learning, Planning, and Robotics",Leslie Kaelbling,https://lexfridman.com/leslie-kaelbling,https://www.youtube.com/watch?v=Er7Dy8rvqOc,
14,https://lexfridman.com/files/thumbs_ai_podcast/kyle_vogt.png,Cruise Automation,Kyle Vogt,https://lexfridman.com/kyle-vogt,https://www.youtube.com/watch?v=YUYagvESisE,
13,https://lexfridman.com/files/thumbs_ai_podcast/tomaso_poggio.png,"Brains, Minds, and Machines",Tomaso Poggio,https://lexfridman.com/tomaso-poggio,https://www.youtube.com/watch?v=aSyZvBrPAyk,
12,https://lexfridman.com/files/thumbs_ai_podcast/tuomas_sandholm.png,Poker and Game Theory,Tuomas Sandholm,https://lexfridman.com/tuomas-sandholm,https://www.youtube.com/watch?v=b7bStIQovcY,
11,https://lexfridman.com/files/thumbs_ai_podcast/juergen_schmidhuber.png,"Godel Machines, Meta-Learning, and LSTMs",Juergen Schmidhuber,https://lexfridman.com/juergen-schmidhuber,https://www.youtube.com/watch?v=3FIo6evmweo,
10,https://lexfridman.com/files/thumbs_ai_podcast/pieter_abbeel.png,Deep Reinforcement Learning,Pieter Abbeel,https://lexfridman.com/pieter-abbeel,https://www.youtube.com/watch?v=l-mYLq6eZPY,
9,https://lexfridman.com/files/thumbs_ai_podcast/stuart_russell.png,Long-Term Future of Artificial Intelligence,Stuart Russell,https://lexfridman.com/stuart-russell,https://www.youtube.com/watch?v=KsZI5oXBC0k,
8,https://lexfridman.com/files/thumbs_ai_podcast/eric_schmidt.png,Google,Eric Schmidt,https://lexfridman.com/eric-schmidt,https://www.youtube.com/watch?v=hIC9FQpxVwQ,
7,https://lexfridman.com/files/thumbs_ai_podcast/jeff_atwood.png,Stack Overflow and Coding Horror,Jeff Atwood,https://lexfridman.com/jeff-atwood,https://www.youtube.com/watch?v=KZkYSSE8HHI,
6,https://lexfridman.com/files/thumbs_ai_podcast/guido_van_rossum.png,Python,Guido van Rossum,https://lexfridman.com/guido-van-rossum,https://www.youtube.com/watch?v=ghwaIiE3Nd8,
5,https://lexfridman.com/files/thumbs_ai_podcast/vladimir_vapnik.png,Statistical Learning,Vladimir Vapnik,https://lexfridman.com/vladimir-vapnik,https://www.youtube.com/watch?v=STFcvzoxVw4,
4,https://lexfridman.com/files/thumbs_ai_podcast/yoshua_bengio.png,Deep Learning,Yoshua Bengio,https://lexfridman.com/yoshua-bengio,https://www.youtube.com/watch?v=azOmzumh0vQ,
3,https://lexfridman.com/files/thumbs_ai_podcast/steven_pinker.png,AI in the Age of Reason,Steven Pinker,https://lexfridman.com/steven-pinker,https://www.youtube.com/watch?v=epQxfSp-rdU,
2,https://lexfridman.com/files/thumbs_ai_podcast/christof_koch.png,Consciousness,Christof Koch,https://lexfridman.com/christof-koch,https://www.youtube.com/watch?v=piHkfmeU7Wo,
1,https://lexfridman.com/files/thumbs_ai_podcast/max_tegmark.png,Life 3.0,Max Tegmark,https://lexfridman.com/max-tegmark,https://www.youtube.com/watch?v=Gi8LUnhP5yU,
