episode,thumb,title,person,episode
441,https://lexfridman.com/files/thumbs_ai_podcast/cenk_uygur.png,"Trump vs Harris, Progressive Politics, Communism & Capitalism",Cenk Uygur,https://lexfridman.com/cenk-uygur
440,https://lexfridman.com/files/thumbs_ai_podcast/pieter_levels.png,"Programming, Viral AI Startups, and Digital Nomad Life",Pieter Levels,https://lexfridman.com/pieter-levels
439,https://lexfridman.com/files/thumbs_ai_podcast/craig_jones_2.png,"Jiu Jitsu, $2 Million Prize, CJI, ADCC, Ukraine & Trolling",Craig Jones,https://lexfridman.com/craig-jones-2
438,https://lexfridman.com/files/thumbs_ai_podcast/elon_musk_and_neuralink_team.png,Neuralink and the Future of Humanity,Elon Musk and Neuralink Team,https://lexfridman.com/elon-musk-and-neuralink-team
437,https://lexfridman.com/files/thumbs_ai_podcast/jordan_jonas.png,"Survival, Hunting, Siberia, God, and Winning Alone Season 6",Jordan Jonas,https://lexfridman.com/jordan-jonas
436,https://lexfridman.com/files/thumbs_ai_podcast/ivanka_trump.png,"Politics, Family, Real Estate, Fashion, Music, and Life",Ivanka Trump,https://lexfridman.com/ivanka-trump
435,https://lexfridman.com/files/thumbs_ai_podcast/andrew_huberman_5.png,"Focus, Controversy, Politics, and Relationships",Andrew Huberman,https://lexfridman.com/andrew-huberman-5
434,https://lexfridman.com/files/thumbs_ai_podcast/aravind_srinivas.png,"Perplexity CEO on Future of AI, Search & the Internet",Aravind Srinivas,https://lexfridman.com/aravind-srinivas
433,https://lexfridman.com/files/thumbs_ai_podcast/sara_walker_3.png,"Physics of Life, Time, Complexity, and Aliens",Sara Walker,https://lexfridman.com/sara-walker-3
432,https://lexfridman.com/files/thumbs_ai_podcast/kevin_spacey.png,"Power, Controversy, Betrayal, Truth & Love in Film and Life",Kevin Spacey,https://lexfridman.com/kevin-spacey
431,https://lexfridman.com/files/thumbs_ai_podcast/roman_yampolskiy.png,Dangers of Superintelligent AI,Roman Yampolskiy,https://lexfridman.com/roman-yampolskiy
430,https://lexfridman.com/files/thumbs_ai_podcast/charan_ranganath.png,"Human Memory, Imagination, Deja Vu, and False Memories",Charan Ranganath,https://lexfridman.com/charan-ranganath
429,https://lexfridman.com/files/thumbs_ai_podcast/paul_rosolie_2.png,"Jungle, Apex Predators, Aliens, Uncontacted Tribes, and God",Paul Rosolie,https://lexfridman.com/paul-rosolie-2
428,https://lexfridman.com/files/thumbs_ai_podcast/sean_carroll_3.png,"General Relativity, Quantum Mechanics, Black Holes & Aliens",Sean Carroll,https://lexfridman.com/sean-carroll-3
427,https://lexfridman.com/files/thumbs_ai_podcast/neil_adams.png,"Judo, Olympics, Winning, Losing, and the Champion Mindset",Neil Adams,https://lexfridman.com/neil-adams
426,https://lexfridman.com/files/thumbs_ai_podcast/edward_gibson.png,"Human Language, Psycholinguistics, Syntax, Grammar & LLMs",Edward Gibson,https://lexfridman.com/edward-gibson
425,https://lexfridman.com/files/thumbs_ai_podcast/andrew_callaghan.png,"Channel 5, Gonzo, QAnon, O-Block, Politics & Alex Jones",Andrew Callaghan,https://lexfridman.com/andrew-callaghan
424,https://lexfridman.com/files/thumbs_ai_podcast/bassem_youssef.png,"Israel-Palestine, Gaza, Hamas, Middle East, Satire & Fame",Bassem Youssef,https://lexfridman.com/bassem-youssef
423,https://lexfridman.com/files/thumbs_ai_podcast/tulsi_gabbard.png,"War, Politics, and the Military Industrial Complex",Tulsi Gabbard,https://lexfridman.com/tulsi-gabbard
422,https://lexfridman.com/files/thumbs_ai_podcast/mark_cuban.png,"Shark Tank, DEI & Wokeism Debate, Elon Musk, Politics & Drugs",Mark Cuban,https://lexfridman.com/mark-cuban
421,https://lexfridman.com/files/thumbs_ai_podcast/dana_white.png,"UFC, Fighting, Khabib, Conor, Tyson, Ali, Rogan, Elon & Zuck",Dana White,https://lexfridman.com/dana-white
420,https://lexfridman.com/files/thumbs_ai_podcast/annie_jacobsen.png,"Nuclear War, CIA, KGB, Aliens, Area 51, Roswell & Secrecy",Annie Jacobsen,https://lexfridman.com/annie-jacobsen
419,https://lexfridman.com/files/thumbs_ai_podcast/sam_altman_2.png,"OpenAI, GPT-5, Sora, Board Saga, Elon Musk, Ilya, Power & AGI",Sam Altman,https://lexfridman.com/sam-altman-2
418,https://lexfridman.com/files/thumbs_ai_podcast/israel_palestine_debate.png,"Finkelstein, Destiny, M. Rabbani & Benny Morris",Israel-Palestine Debate,https://lexfridman.com/israel-palestine-debate
417,https://lexfridman.com/files/thumbs_ai_podcast/kimbal_musk.png,"The Art of Cooking, Tesla, SpaceX, Zip2, and Family",Kimbal Musk,https://lexfridman.com/kimbal-musk
416,https://lexfridman.com/files/thumbs_ai_podcast/yann_lecun_3.png,"Meta AI, Open Source, Limits of LLMs, AGI & the Future of AI",Yann LeCun,https://lexfridman.com/yann-lecun-3
415,https://lexfridman.com/files/thumbs_ai_podcast/serhii_plokhy.png,"History of Ukraine, Russia, Soviet Union, KGB, Nazis & War",Serhii Plokhy,https://lexfridman.com/serhii-plokhy
414,https://lexfridman.com/files/thumbs_ai_podcast/tucker_carlson.png,"Putin, Navalny, Trump, CIA, NSA, War, Politics & Freedom",Tucker Carlson,https://lexfridman.com/tucker-carlson
413,https://lexfridman.com/files/thumbs_ai_podcast/bill_ackman.png,"Investing, Financial Battles, Harvard, DEI, X & Free Speech",Bill Ackman,https://lexfridman.com/bill-ackman
412,https://lexfridman.com/files/thumbs_ai_podcast/marc_raibert.png,Boston Dynamics and the Future of Robotics,Marc Raibert,https://lexfridman.com/marc-raibert
411,https://lexfridman.com/files/thumbs_ai_podcast/omar_suleiman_2.png,"Palestine, Gaza, Oct 7, Israel, Resistance, Faith & Islam",Omar Suleiman,https://lexfridman.com/omar-suleiman-2
410,https://lexfridman.com/files/thumbs_ai_podcast/ben_shapiro_destiny_debate.png,"Politics, Jan 6, Israel, Ukraine & Wokeism",Ben Shapiro vs Destiny Debate,https://lexfridman.com/ben-shapiro-destiny-debate
409,https://lexfridman.com/files/thumbs_ai_podcast/matthew_cox.png,FBI Most Wanted Con Man - $55 Million in Bank Fraud,Matthew Cox,https://lexfridman.com/matthew-cox
408,https://lexfridman.com/files/thumbs_ai_podcast/tal_wilkenfeld.png,"Music, Guitar, Bass, Jeff Beck, Prince, and Leonard Cohen",Tal Wilkenfeld,https://lexfridman.com/tal-wilkenfeld
407,https://lexfridman.com/files/thumbs_ai_podcast/guillaume_verdon.png,"Beff Jezos, E/acc Movement, Physics, Computation & AGI",Guillaume Verdon,https://lexfridman.com/guillaume-verdon
406,https://lexfridman.com/files/thumbs_ai_podcast/teddy_atlas.png,"Mike Tyson, Cus D'Amato, Boxing, Loyalty, Fear & Greatness",Teddy Atlas,https://lexfridman.com/teddy-atlas
405,https://lexfridman.com/files/thumbs_ai_podcast/jeff_bezos.png,Amazon and Blue Origin,Jeff Bezos,https://lexfridman.com/jeff-bezos
404,https://lexfridman.com/files/thumbs_ai_podcast/lee_cronin_3.png,Controversial Nature Paper on Evolution of Life and Universe,Lee Cronin,https://lexfridman.com/lee-cronin-3
403,https://lexfridman.com/files/thumbs_ai_podcast/lisa_randall.png,"Dark Matter, Theoretical Physics, and Extinction Events",Lisa Randall,https://lexfridman.com/lisa-randall
402,https://lexfridman.com/files/thumbs_ai_podcast/michael_malice_7.png,Thanksgiving Pirate Special,Michael Malice,https://lexfridman.com/michael-malice-7
401,https://lexfridman.com/files/thumbs_ai_podcast/john_mearsheimer.png,"Israel-Palestine, Russia-Ukraine, China, NATO, and WW3",John Mearsheimer,https://lexfridman.com/john-mearsheimer
400,https://lexfridman.com/files/thumbs_ai_podcast/elon_musk_4.png,"War, AI, Aliens, Politics, Physics, Video Games, and Humanity",Elon Musk,https://lexfridman.com/elon-musk-4
399,https://lexfridman.com/files/thumbs_ai_podcast/jared_kushner.png,"Israel, Palestine, Hamas, Gaza, Iran, and the Middle East",Jared Kushner,https://lexfridman.com/jared-kushner
398,https://lexfridman.com/files/thumbs_ai_podcast/mark_zuckerberg_3.png,First Interview in the Metaverse,Mark Zuckerberg,https://lexfridman.com/mark-zuckerberg-3
397,https://lexfridman.com/files/thumbs_ai_podcast/greg_lukianoff.png,"Cancel Culture, Deplatforming, Censorship & Free Speech",Greg Lukianoff,https://lexfridman.com/greg-lukianoff
396,https://lexfridman.com/files/thumbs_ai_podcast/james_sexton.png,"Divorce Lawyer on Marriage, Relationships, Sex, Lies & Love",James Sexton,https://lexfridman.com/james-sexton
395,https://lexfridman.com/files/thumbs_ai_podcast/walter_isaacson.png,"Elon Musk, Steve Jobs, Einstein, Da Vinci & Ben Franklin",Walter Isaacson,https://lexfridman.com/walter-isaacson
394,https://lexfridman.com/files/thumbs_ai_podcast/neri_oxman.png,"Biology, Art, and Science of Design & Engineering with Nature",Neri Oxman,https://lexfridman.com/neri-oxman
393,https://lexfridman.com/files/thumbs_ai_podcast/andrew_huberman_4.png,"Relationships, Drama, Betrayal, Sex, and Love",Andrew Huberman,https://lexfridman.com/andrew-huberman-4
392,https://lexfridman.com/files/thumbs_ai_podcast/joscha_bach_3.png,"Life, Intelligence, Consciousness, AI & the Future of Humans",Joscha Bach,https://lexfridman.com/joscha-bach-3
391,https://lexfridman.com/files/thumbs_ai_podcast/mohammed_el_kurd.png,Palestine,Mohammed El-Kurd,https://lexfridman.com/mohammed-el-kurd
390,https://lexfridman.com/files/thumbs_ai_podcast/yuval_noah_harari.png,"Human Nature, Intelligence, Power, and Conspiracies",Yuval Noah Harari,https://lexfridman.com/yuval-noah-harari
389,https://lexfridman.com/files/thumbs_ai_podcast/benjamin_netanyahu.png,"Israel, Palestine, Power, Corruption, Hate, and Peace",Benjamin Netanyahu,https://lexfridman.com/benjamin-netanyahu
388,https://lexfridman.com/files/thumbs_ai_podcast/robert_f_kennedy_jr.png,"CIA, Power, Corruption, War, Freedom, and Meaning",Robert F Kennedy Jr,https://lexfridman.com/robert-f-kennedy-jr
387,https://lexfridman.com/files/thumbs_ai_podcast/george_hotz_3.png,"Tiny Corp, Twitter, AI Safety, Self-Driving, GPT, AGI & God",George Hotz,https://lexfridman.com/george-hotz-3
386,https://lexfridman.com/files/thumbs_ai_podcast/marc_andreessen.png,"Future of the Internet, Technology, and AI",Marc Andreessen,https://lexfridman.com/marc-andreessen
385,https://lexfridman.com/files/thumbs_ai_podcast/jimmy_wales.png,Wikipedia,Jimmy Wales,https://lexfridman.com/jimmy-wales
384,https://lexfridman.com/files/thumbs_ai_podcast/matthew_mcconaughey.png,"Freedom, Truth, Family, Hardship, and Love",Matthew McConaughey,https://lexfridman.com/matthew-mcconaughey
383,https://lexfridman.com/files/thumbs_ai_podcast/mark_zuckerberg_2.png,"Future of AI at Meta, Facebook, Instagram, and WhatsApp",Mark Zuckerberg,https://lexfridman.com/mark-zuckerberg-2
382,https://lexfridman.com/files/thumbs_ai_podcast/bert_kreischer.png,"Comedy, Drinking, Rogan, Segura, Churchill & Kim Jong Un",Bert Kreischer,https://lexfridman.com/bert-kreischer
381,https://lexfridman.com/files/thumbs_ai_podcast/chris_lattner_3.png,Future of Programming and AI,Chris Lattner,https://lexfridman.com/chris-lattner-3
380,https://lexfridman.com/files/thumbs_ai_podcast/neil_gershenfeld.png,Self-Replicating Robots and the Future of Fabrication,Neil Gershenfeld,https://lexfridman.com/neil-gershenfeld
379,https://lexfridman.com/files/thumbs_ai_podcast/randall_kennedy.png,"The N-Word - History of Race, Law, Politics, and Power",Randall Kennedy,https://lexfridman.com/randall-kennedy
378,https://lexfridman.com/files/thumbs_ai_podcast/anna_frebel.png,"Origin and Evolution of the Universe, Galaxies, and Stars",Anna Frebel,https://lexfridman.com/anna-frebel
377,https://lexfridman.com/files/thumbs_ai_podcast/harvey_silverglate.png,Freedom of Speech,Harvey Silverglate,https://lexfridman.com/harvey-silverglate
376,https://lexfridman.com/files/thumbs_ai_podcast/stephen_wolfram_4.png,"ChatGPT and the Nature of Truth, Reality & Computation",Stephen Wolfram,https://lexfridman.com/stephen-wolfram-4
375,https://lexfridman.com/files/thumbs_ai_podcast/david_pakman.png,"Politics of Trump, Biden, Bernie, AOC, Socialism & Wokeism",David Pakman,https://lexfridman.com/david-pakman
374,https://lexfridman.com/files/thumbs_ai_podcast/robert_playter.png,Boston Dynamics CEO on Humanoid and Legged Robotics,Robert Playter,https://lexfridman.com/robert-playter
373,https://lexfridman.com/files/thumbs_ai_podcast/manolis_kellis_5.png,Evolution of Human Civilization and Superintelligent AI,Manolis Kellis,https://lexfridman.com/manolis-kellis-5
372,https://lexfridman.com/files/thumbs_ai_podcast/simone_giertz.png,"Queen of Sh*tty Robots, Innovative Engineering, and Design",Simone Giertz,https://lexfridman.com/simone-giertz
371,https://lexfridman.com/files/thumbs_ai_podcast/max_tegmark_3.png,The Case for Halting AI Development,Max Tegmark,https://lexfridman.com/max-tegmark-3
370,https://lexfridman.com/files/thumbs_ai_podcast/edward_frenkel.png,"Reality is a Paradox - Mathematics, Physics, Truth & Love",Edward Frenkel,https://lexfridman.com/edward-frenkel
369,https://lexfridman.com/files/thumbs_ai_podcast/paul_rosolie.png,"Amazon Jungle, Uncontacted Tribes, Anacondas, and Ayahuasca",Paul Rosolie,https://lexfridman.com/paul-rosolie
368,https://lexfridman.com/files/thumbs_ai_podcast/eliezer_yudkowsky.png,Dangers of AI and the End of Human Civilization,Eliezer Yudkowsky,https://lexfridman.com/eliezer-yudkowsky
367,https://lexfridman.com/files/thumbs_ai_podcast/sam_altman.png,"OpenAI CEO on GPT-4, ChatGPT, and the Future of AI",Sam Altman,https://lexfridman.com/sam-altman
366,https://lexfridman.com/files/thumbs_ai_podcast/shannon_curry.png,"Johnny Depp & Amber Heard Trial, Marriage, Dating & Love",Shannon Curry,https://lexfridman.com/shannon-curry
365,https://lexfridman.com/files/thumbs_ai_podcast/sam_harris_2.png,"Trump, Pandemic, Twitter, Elon, Bret, IDW, Kanye, AI & UFOs",Sam Harris,https://lexfridman.com/sam-harris-2
364,https://lexfridman.com/files/thumbs_ai_podcast/chris_voss.png,FBI Hostage Negotiator,Chris Voss,https://lexfridman.com/chris-voss
363,https://lexfridman.com/files/thumbs_ai_podcast/b_team.png,"Craig Jones, Nicky Rod, and Nicky Ryan","Craig Jones, Nicky Rod, Nicky Ryan",https://lexfridman.com/b-team
362,https://lexfridman.com/files/thumbs_ai_podcast/ginni_rometty.png,"IBM CEO on Leadership, Power, and Adversity",Ginni Rometty,https://lexfridman.com/ginni-rometty
361,https://lexfridman.com/files/thumbs_ai_podcast/aaron_smith_levin.png,Scientology,Aaron Smith-Levin,https://lexfridman.com/aaron-smith-levin
360,https://lexfridman.com/files/thumbs_ai_podcast/tim_urban_2.png,"Tribalism, Marxism, Liberalism, Social Justice, and Politics",Tim Urban,https://lexfridman.com/tim-urban-2
359,https://lexfridman.com/files/thumbs_ai_podcast/andrew_strominger.png,"Black Holes, Quantum Gravity, and Theoretical Physics",Andrew Strominger,https://lexfridman.com/andrew-strominger
358,https://lexfridman.com/files/thumbs_ai_podcast/aella.png,"Sex Work, OnlyFans, Porn, Escorting, Dating, and Human Sexuality",Aella,https://lexfridman.com/aella
357,https://lexfridman.com/files/thumbs_ai_podcast/paul_conti.png,"Narcissism, Sociopathy, Envy, and the Nature of Good and Evil",Paul Conti,https://lexfridman.com/paul-conti
356,https://lexfridman.com/files/thumbs_ai_podcast/tim_dodd.png,"SpaceX, Starship, Rocket Engines, and Future of Space Travel",Tim Dodd,https://lexfridman.com/tim-dodd
355,https://lexfridman.com/files/thumbs_ai_podcast/david_kipping.png,Alien Civilizations and Habitable Worlds,David Kipping,https://lexfridman.com/david-kipping
354,https://lexfridman.com/files/thumbs_ai_podcast/jeremi_suri_2.png,"Civil War, Slavery, Freedom, and Democracy",Jeremi Suri,https://lexfridman.com/jeremi-suri-2
353,https://lexfridman.com/files/thumbs_ai_podcast/dennis_whyte.png,Nuclear Fusion and the Future of Energy,Dennis Whyte,https://lexfridman.com/dennis-whyte
352,https://lexfridman.com/files/thumbs_ai_podcast/omar_suleiman.png,Islam,Omar Suleiman,https://lexfridman.com/omar-suleiman
351,https://lexfridman.com/files/thumbs_ai_podcast/mrbeast.png,"Future of YouTube, Twitter, TikTok, and Instagram",MrBeast,https://lexfridman.com/mrbeast
350,https://lexfridman.com/files/thumbs_ai_podcast/betul_kacar.png,"Origin of Life, Ancient DNA, Panspermia, and Aliens",Betül Kaçar,https://lexfridman.com/betul-kacar
349,https://lexfridman.com/files/thumbs_ai_podcast/bhaskar_sunkara.png,Socialism and Communism,Bhaskar Sunkara,https://lexfridman.com/bhaskar-sunkara
348,https://lexfridman.com/files/thumbs_ai_podcast/nathalie_cabrol.png,Search for Alien Life,Nathalie Cabrol,https://lexfridman.com/nathalie-cabrol
347,https://lexfridman.com/files/thumbs_ai_podcast/michael_malice_6.png,Christmas Special,Michael Malice,https://lexfridman.com/michael-malice-6
346,https://lexfridman.com/files/thumbs_ai_podcast/ed_calderon.png,Mexican Drug Cartels,Ed Calderon,https://lexfridman.com/ed-calderon
345,https://lexfridman.com/files/thumbs_ai_podcast/coffeezilla.png,"SBF, FTX, Fraud, Scams, Fake Gurus, Money, Fame, and Power",Coffeezilla,https://lexfridman.com/coffeezilla
344,https://lexfridman.com/files/thumbs_ai_podcast/noam_brown.png,AI vs Humans in Poker and Games of Strategic Negotiation,Noam Brown,https://lexfridman.com/noam-brown
343,https://lexfridman.com/files/thumbs_ai_podcast/roger_gracie.png,Greatest Jiu Jitsu Competitor of All Time,Roger Gracie,https://lexfridman.com/roger-gracie
342,https://lexfridman.com/files/thumbs_ai_podcast/todd_howard.png,"Skyrim, Elder Scrolls 6, Fallout, and Starfield",Todd Howard,https://lexfridman.com/todd-howard
341,https://lexfridman.com/files/thumbs_ai_podcast/guido_van_rossum_2.png,Python and the Future of Programming,Guido van Rossum,https://lexfridman.com/guido-van-rossum-2
340,https://lexfridman.com/files/thumbs_ai_podcast/chris_tarbell.png,FBI Agent Who Took Down Silk Road,Chris Tarbell,https://lexfridman.com/chris-tarbell
339,https://lexfridman.com/files/thumbs_ai_podcast/climate_change_debate.png,Bjørn Lomborg and Andrew Revkin,Climate Change Debate,https://lexfridman.com/climate-change-debate
338,https://lexfridman.com/files/thumbs_ai_podcast/chamath_palihapitiya.png,"Money, Success, Startups, Energy, Poker & Happiness",Chamath Palihapitiya,https://lexfridman.com/chamath-palihapitiya
337,https://lexfridman.com/files/thumbs_ai_podcast/destiny.png,"Politics, Free Speech, Controversy, Sex, War, and Relationships",Destiny,https://lexfridman.com/destiny
336,https://lexfridman.com/files/thumbs_ai_podcast/ben_shapiro.png,"Politics, Kanye, Trump, Biden, Hitler, Extremism, and War",Ben Shapiro,https://lexfridman.com/ben-shapiro
335,https://lexfridman.com/files/thumbs_ai_podcast/fiona_hill.png,Vladimir Putin and Donald Trump,Fiona Hill,https://lexfridman.com/fiona-hill
334,https://lexfridman.com/files/thumbs_ai_podcast/abbas_amanat.png,"Iran Protests, Mahsa Amini, History, CIA & Nuclear Weapons",Abbas Amanat,https://lexfridman.com/abbas-amanat
333,https://lexfridman.com/files/thumbs_ai_podcast/andrej_karpathy.png,"Tesla AI, Self-Driving, Optimus, Aliens, and AGI",Andrej Karpathy,https://lexfridman.com/andrej-karpathy
332,https://lexfridman.com/files/thumbs_ai_podcast/ye_aka_kanye_west.png,Kanye 'Ye' West Interview,Kanye 'Ye' West,https://lexfridman.com/ye-aka-kanye-west
331,https://lexfridman.com/files/thumbs_ai_podcast/balaji_srinivasan.png,"How to Fix Government, Twitter, Science, and the FDA",Balaji Srinivasan,https://lexfridman.com/balaji-srinivasan
330,https://lexfridman.com/files/thumbs_ai_podcast/hikaru_nakamura.png,"Chess, Magnus, Kasparov, and the Psychology of Greatness",Hikaru Nakamura,https://lexfridman.com/hikaru-nakamura
329,https://lexfridman.com/files/thumbs_ai_podcast/kate_darling_2.png,"Social Robots, Ethics, Privacy and the Future of MIT",Kate Darling,https://lexfridman.com/kate-darling-2
328,https://lexfridman.com/files/thumbs_ai_podcast/john_danaher_3.png,"Grappling, Jiu Jitsu, ADCC, and Animal Combat",John Danaher,https://lexfridman.com/john-danaher-3
327,https://lexfridman.com/files/thumbs_ai_podcast/gothamchess.png,"Hans Niemann, Magnus Carlsen, Cheating Scandal & Chess Bots",GothamChess,https://lexfridman.com/gothamchess
326,https://lexfridman.com/files/thumbs_ai_podcast/annaka_harris.png,"Free Will, Consciousness, and the Nature of Reality",Annaka Harris,https://lexfridman.com/annaka-harris
325,https://lexfridman.com/files/thumbs_ai_podcast/michael_levin.png,"Biology, Life, Aliens, Evolution, Embryogenesis & Xenobots",Michael Levin,https://lexfridman.com/michael-levin
324,https://lexfridman.com/files/thumbs_ai_podcast/daniel_negreanu.png,Poker,Daniel Negreanu,https://lexfridman.com/daniel-negreanu
323,https://lexfridman.com/files/thumbs_ai_podcast/will_sasso.png,"Comedy, MADtv, AI, Friendship, Madness, and Pro Wrestling",Will Sasso,https://lexfridman.com/will-sasso
322,https://lexfridman.com/files/thumbs_ai_podcast/rana_el_kaliouby.png,"Emotion AI, Social Robots, and Self-Driving Cars",Rana el Kaliouby,https://lexfridman.com/rana-el-kaliouby
321,https://lexfridman.com/files/thumbs_ai_podcast/ray_kurzweil.png,"Singularity, Superintelligence, and Immortality",Ray Kurzweil,https://lexfridman.com/ray-kurzweil
320,https://lexfridman.com/files/thumbs_ai_podcast/christopher_capozzola.png,"World War I, Ideology, Propaganda, and Politics",Christopher Capozzola,https://lexfridman.com/christopher-capozzola
319,https://lexfridman.com/files/thumbs_ai_podcast/botez_sisters.png,"Chess, Streaming, and Fame",Botez Sisters,https://lexfridman.com/botez-sisters
318,https://lexfridman.com/files/thumbs_ai_podcast/nick_lane.png,"Origin of Life, Evolution, Aliens, Biology, and Consciousness",Nick Lane,https://lexfridman.com/nick-lane
317,https://lexfridman.com/files/thumbs_ai_podcast/john_vervaeke.png,"Meaning Crisis, Atheism, Religion & the Search for Wisdom",John Vervaeke,https://lexfridman.com/john-vervaeke
316,https://lexfridman.com/files/thumbs_ai_podcast/noam_chomsky_2.png,"Putin, Ukraine, China, and Nuclear War",Noam Chomsky,https://lexfridman.com/noam-chomsky-2
315,https://lexfridman.com/files/thumbs_ai_podcast/magnus_carlsen.png,Greatest Chess Player of All Time,Magnus Carlsen,https://lexfridman.com/magnus-carlsen
314,https://lexfridman.com/files/thumbs_ai_podcast/liv_boeree.png,"Poker, Game Theory, AI, Simulation, Aliens & Existential Risk",Liv Boeree,https://lexfridman.com/liv-boeree
313,https://lexfridman.com/files/thumbs_ai_podcast/jordan_peterson.png,"Life, Death, Power, Fame, and Meaning",Jordan Peterson,https://lexfridman.com/jordan-peterson
312,https://lexfridman.com/files/thumbs_ai_podcast/duncan_trussell.png,"Comedy, Sentient Robots, Suffering, Love & Burning Man",Duncan Trussell,https://lexfridman.com/duncan-trussell
311,https://lexfridman.com/files/thumbs_ai_podcast/magatte_wade.png,"Africa, Capitalism, Communism, and the Future of Humanity",Magatte Wade,https://lexfridman.com/magatte-wade
310,https://lexfridman.com/files/thumbs_ai_podcast/andrew_bustamante.png,CIA Spy,Andrew Bustamante,https://lexfridman.com/andrew-bustamante
309,https://lexfridman.com/files/thumbs_ai_podcast/john_carmack.png,"Doom, Quake, VR, AGI, Programming, Video Games, and Rockets",John Carmack,https://lexfridman.com/john-carmack
308,https://lexfridman.com/files/thumbs_ai_podcast/ryan_graves.png,"UFOs, Fighter Jets, and Aliens",Ryan Graves,https://lexfridman.com/ryan-graves
307,https://lexfridman.com/files/thumbs_ai_podcast/brian_armstrong.png,"Coinbase, Cryptocurrency, and Government Regulation",Brian Armstrong,https://lexfridman.com/brian-armstrong
306,https://lexfridman.com/files/thumbs_ai_podcast/oriol_vinyals_2.png,Deep Learning and Artificial General Intelligence,Oriol Vinyals,https://lexfridman.com/oriol-vinyals-2
305,https://lexfridman.com/files/thumbs_ai_podcast/martin_rees.png,"Black Holes, Alien Life, Dark Matter, and the Big Bang",Martin Rees,https://lexfridman.com/martin-rees
304,https://lexfridman.com/files/thumbs_ai_podcast/robert_barron.png,Christianity and the Catholic Church,Robert Barron,https://lexfridman.com/robert-barron
303,https://lexfridman.com/files/thumbs_ai_podcast/steve_keen.png,"Marxism, Capitalism, and Economics",Steve Keen,https://lexfridman.com/steve-keen
302,https://lexfridman.com/files/thumbs_ai_podcast/richard_haier.png,"IQ Tests, Human Intelligence, and Group Differences",Richard Haier,https://lexfridman.com/richard-haier
301,https://lexfridman.com/files/thumbs_ai_podcast/jack_barsky.png,KGB Spy,Jack Barsky,https://lexfridman.com/jack-barsky
300,https://lexfridman.com/files/thumbs_ai_podcast/joe_rogan_2.png,"Comedy, Controversy, Aliens, UFOs, Putin, CIA, and Freedom",Joe Rogan,https://lexfridman.com/joe-rogan-2
299,https://lexfridman.com/files/thumbs_ai_podcast/demis_hassabis.png,"DeepMind - AI, Superintelligence & the Future of Humanity",Demis Hassabis,https://lexfridman.com/demis-hassabis
298,https://lexfridman.com/files/thumbs_ai_podcast/susan_cain.png,The Power of Introverts and Loneliness,Susan Cain,https://lexfridman.com/susan-cain
297,https://lexfridman.com/files/thumbs_ai_podcast/jonathan_reisman.png,The Human Body - From Sex & Sperm to Hands & Heart,Jonathan Reisman,https://lexfridman.com/jonathan-reisman
296,https://lexfridman.com/files/thumbs_ai_podcast/douglas_murray.png,"Racism, Marxism, and the War on the West",Douglas Murray,https://lexfridman.com/douglas-murray
295,https://lexfridman.com/files/thumbs_ai_podcast/richard_wolff.png,Marxism and Communism,Richard Wolff,https://lexfridman.com/richard-wolff
294,https://lexfridman.com/files/thumbs_ai_podcast/tony_fadell.png,"iPhone, iPod, Nest, Steve Jobs, Design, and Engineering",Tony Fadell,https://lexfridman.com/tony-fadell
293,https://lexfridman.com/files/thumbs_ai_podcast/donald_hoffman.png,Reality is an Illusion - How Evolution Hid the Truth,Donald Hoffman,https://lexfridman.com/donald-hoffman
292,https://lexfridman.com/files/thumbs_ai_podcast/robin_hanson.png,"Alien Civilizations, UFOs, and the Future of Humanity",Robin Hanson,https://lexfridman.com/robin-hanson
291,https://lexfridman.com/files/thumbs_ai_podcast/jonathan_haidt.png,The Case Against Social Media,Jonathan Haidt,https://lexfridman.com/jonathan-haidt
290,https://lexfridman.com/files/thumbs_ai_podcast/dan_reynolds.png,Imagine Dragons,Dan Reynolds,https://lexfridman.com/dan-reynolds
289,https://lexfridman.com/files/thumbs_ai_podcast/stephen_kotkin_2.png,"Putin, Stalin, Hitler, Zelenskyy, and War in Ukraine",Stephen Kotkin,https://lexfridman.com/stephen-kotkin-2
288,https://lexfridman.com/files/thumbs_ai_podcast/sarma_melngailis.png,"Bad Vegan, Fraud, Prison, and Sociopathy",Sarma Melngailis,https://lexfridman.com/sarma-melngailis
287,https://lexfridman.com/files/thumbs_ai_podcast/bobby_lee.png,"Comedy, Skyrim, Sex Robots, Love, Fame, and Power",Bobby Lee,https://lexfridman.com/bobby-lee
286,https://lexfridman.com/files/thumbs_ai_podcast/oliver_stone.png,Vladimir Putin and War in Ukraine,Oliver Stone,https://lexfridman.com/oliver-stone
285,https://lexfridman.com/files/thumbs_ai_podcast/glenn_loury.png,"Race, Racism, Identity Politics, and Cancel Culture",Glenn Loury,https://lexfridman.com/glenn-loury
284,https://lexfridman.com/files/thumbs_ai_podcast/saifedean_ammous.png,"Bitcoin, Anarchy, and Austrian Economics",Saifedean Ammous,https://lexfridman.com/saifedean-ammous
283,https://lexfridman.com/files/thumbs_ai_podcast/chris_mason.png,"Space Travel, Colonization, and Long-Term Survival in Space",Chris Mason,https://lexfridman.com/chris-mason
282,https://lexfridman.com/files/thumbs_ai_podcast/david_buss.png,"Sex, Dating, Relationships, and Sex Differences",David Buss,https://lexfridman.com/david-buss
281,https://lexfridman.com/files/thumbs_ai_podcast/grimes.png,"Music, AI, and the Future of Humanity",Grimes,https://lexfridman.com/grimes
280,https://lexfridman.com/files/thumbs_ai_podcast/cristiano_amon.png,Qualcomm CEO,Cristiano Amon,https://lexfridman.com/cristiano-amon
279,https://lexfridman.com/files/thumbs_ai_podcast/alien_debate.png,Sara Walker and Lee Cronin,Sara Walker and Lee Cronin,https://lexfridman.com/alien-debate
278,https://lexfridman.com/files/thumbs_ai_podcast/skye_fitzgerald.png,"Hunger, War, and Human Suffering",Skye Fitzgerald,https://lexfridman.com/skye-fitzgerald
277,https://lexfridman.com/files/thumbs_ai_podcast/andrew_huberman_3.png,"Focus, Stress, Relationships, and Friendship",Andrew Huberman,https://lexfridman.com/andrew-huberman-3
276,https://lexfridman.com/files/thumbs_ai_podcast/michael_saylor.png,"Bitcoin, Inflation, and the Future of Money",Michael Saylor,https://lexfridman.com/michael-saylor
275,https://lexfridman.com/files/thumbs_ai_podcast/rick_rubin.png,Legendary Music Producer,Rick Rubin,https://lexfridman.com/rick-rubin
274,https://lexfridman.com/files/thumbs_ai_podcast/karl_deisseroth.png,"Depression, Schizophrenia, and Psychiatry",Karl Deisseroth,https://lexfridman.com/karl-deisseroth
273,https://lexfridman.com/files/thumbs_ai_podcast/chris_blattman.png,War and Violence,Chris Blattman,https://lexfridman.com/chris-blattman
272,https://lexfridman.com/files/thumbs_ai_podcast/brett_johnson.png,US Most Wanted Cybercriminal,Brett Johnson,https://lexfridman.com/brett-johnson
271,https://lexfridman.com/files/thumbs_ai_podcast/ariel_ekblaw.png,Space Colonization and Self-Assembling Space Megastructures,Ariel Ekblaw,https://lexfridman.com/ariel-ekblaw
270,https://lexfridman.com/files/thumbs_ai_podcast/david_wolpe.png,Judaism,David Wolpe,https://lexfridman.com/david-wolpe
269,https://lexfridman.com/files/thumbs_ai_podcast/lee_cronin.png,"Origin of Life, Aliens, Complexity, and Consciousness",Lee Cronin,https://lexfridman.com/lee-cronin
268,https://lexfridman.com/files/thumbs_ai_podcast/robert_proctor.png,Nazi Science and Ideology,Robert Proctor,https://lexfridman.com/robert-proctor
267,https://lexfridman.com/files/thumbs_ai_podcast/mark_zuckerberg.png,"Meta, Facebook, Instagram, and the Metaverse",Mark Zuckerberg,https://lexfridman.com/mark-zuckerberg
266,https://lexfridman.com/files/thumbs_ai_podcast/nicole_perlroth.png,Cybersecurity and the Weapons of Cyberwar,Nicole Perlroth,https://lexfridman.com/nicole-perlroth
265,https://lexfridman.com/files/thumbs_ai_podcast/devon_larratt.png,Arm Wrestling,Devon Larratt,https://lexfridman.com/devon-larratt
264,https://lexfridman.com/files/thumbs_ai_podcast/tim_urban.png,"Elon Musk, Neuralink, AI, Aliens, and the Future of Humanity",Tim Urban,https://lexfridman.com/tim-urban
263,https://lexfridman.com/files/thumbs_ai_podcast/john_abramson.png,Big Pharma,John Abramson,https://lexfridman.com/john-abramson
262,https://lexfridman.com/files/thumbs_ai_podcast/garry_nolan.png,UFOs and Aliens,Garry Nolan,https://lexfridman.com/garry-nolan
261,https://lexfridman.com/files/thumbs_ai_podcast/philip_goff.png,"Consciousness, Panpsychism, and the Philosophy of Mind",Philip Goff,https://lexfridman.com/philip-goff
260,https://lexfridman.com/files/thumbs_ai_podcast/georges_st_pierre_john_danaher_gordon_ryan.png,The Greatest of All Time,"Georges St-Pierre, John Danaher, and Gordon Ryan",https://lexfridman.com/georges-st-pierre-john-danaher-gordon-ryan
259,https://lexfridman.com/files/thumbs_ai_podcast/thomas_tull.png,From Batman Dark Knight Trilogy to AI and The Rolling Stones,Thomas Tull,https://lexfridman.com/thomas-tull
258,https://lexfridman.com/files/thumbs_ai_podcast/yann_lecun_2.png,Dark Matter of Intelligence and Self-Supervised Learning,Yann LeCun,https://lexfridman.com/yann-lecun-2
257,https://lexfridman.com/files/thumbs_ai_podcast/brian_keating.png,"Cosmology, Astrophysics, Aliens & Losing the Nobel Prize",Brian Keating,https://lexfridman.com/brian-keating
256,https://lexfridman.com/files/thumbs_ai_podcast/nationalism_debate.png,Yaron Brook and Yoram Hazony,Yaron Brook and Yoram Hazony,https://lexfridman.com/nationalism-debate
255,https://lexfridman.com/files/thumbs_ai_podcast/mark_normand.png,Comedy!,Mark Normand,https://lexfridman.com/mark-normand
254,https://lexfridman.com/files/thumbs_ai_podcast/jay_bhattacharya.png,The Case Against Lockdowns,Jay Bhattacharya,https://lexfridman.com/jay-bhattacharya
253,https://lexfridman.com/files/thumbs_ai_podcast/michael_malice_5.png,New Year's Special,Michael Malice,https://lexfridman.com/michael-malice-5
252,https://lexfridman.com/files/thumbs_ai_podcast/elon_musk_3.png,"SpaceX, Mars, Tesla Autopilot, Self-Driving, Robotics, and AI",Elon Musk,https://lexfridman.com/elon-musk-3
251,https://lexfridman.com/files/thumbs_ai_podcast/ray_dalio_2.png,"Money, Power, and the Collapse of Empires",Ray Dalio,https://lexfridman.com/ray-dalio-2
250,https://lexfridman.com/files/thumbs_ai_podcast/peter_wang.png,"Python and the Source Code of Humans, Computers, and Reality",Peter Wang,https://lexfridman.com/peter-wang
249,https://lexfridman.com/files/thumbs_ai_podcast/albert_bourla.png,Pfizer CEO,Albert Bourla,https://lexfridman.com/albert-bourla
248,https://lexfridman.com/files/thumbs_ai_podcast/norman_naimark.png,"Genocide, Stalin, Hitler, Mao, and Absolute Power",Norman Naimark,https://lexfridman.com/norman-naimark
247,https://lexfridman.com/files/thumbs_ai_podcast/jamie_metzl.png,Lab Leak Theory,Jamie Metzl,https://lexfridman.com/jamie-metzl
246,https://lexfridman.com/files/thumbs_ai_podcast/peter_woit.png,Theories of Everything & Why String Theory is Not Even Wrong,Peter Woit,https://lexfridman.com/peter-woit
245,https://lexfridman.com/files/thumbs_ai_podcast/tom_brands.png,Iowa Wrestling,Tom Brands,https://lexfridman.com/tom-brands
244,https://lexfridman.com/files/thumbs_ai_podcast/robert_crews.png,"Afghanistan, Taliban, Bin Laden, and War in the Middle East",Robert Crews,https://lexfridman.com/robert-crews
243,https://lexfridman.com/files/thumbs_ai_podcast/kevin_systrom.png,Instagram,Kevin Systrom,https://lexfridman.com/kevin-systrom
242,https://lexfridman.com/files/thumbs_ai_podcast/ben_askren.png,Wrestling and MMA,Ben Askren,https://lexfridman.com/ben-askren
241,https://lexfridman.com/files/thumbs_ai_podcast/boris_sofman.png,"Waymo, Cozmo, Self-Driving Cars, and the Future of Robotics",Boris Sofman,https://lexfridman.com/boris-sofman
240,https://lexfridman.com/files/thumbs_ai_podcast/neal_stephenson.png,"Sci-Fi, Space, Aliens, AI, VR & the Future of Humanity",Neal Stephenson,https://lexfridman.com/neal-stephenson
239,https://lexfridman.com/files/thumbs_ai_podcast/niall_ferguson.png,"History of Money, Power, War, and Truth",Niall Ferguson,https://lexfridman.com/niall-ferguson
238,https://lexfridman.com/files/thumbs_ai_podcast/francis_collins.png,National Institutes of Health (NIH),Francis Collins,https://lexfridman.com/francis-collins
237,https://lexfridman.com/files/thumbs_ai_podcast/steve_viscelli.png,Trucking and the Decline of the American Dream,Steve Viscelli,https://lexfridman.com/steve-viscelli
236,https://lexfridman.com/files/thumbs_ai_podcast/jimmy_pedro.png,Judo and the Forging of Champions,Jimmy Pedro,https://lexfridman.com/jimmy-pedro
235,https://lexfridman.com/files/thumbs_ai_podcast/michael_mina_2.png,Rapid COVID Testing,Michael Mina,https://lexfridman.com/michael-mina-2
234,https://lexfridman.com/files/thumbs_ai_podcast/stephen_wolfram_3.png,Complexity and the Fabric of Reality,Stephen Wolfram,https://lexfridman.com/stephen-wolfram-3
233,https://lexfridman.com/files/thumbs_ai_podcast/carl_hart.png,"Heroin, Cocaine, MDMA, Alcohol & the Role of Drugs in Society",Carl Hart,https://lexfridman.com/carl-hart
232,https://lexfridman.com/files/thumbs_ai_podcast/brian_greene.png,"Quantum Gravity, The Big Bang, Aliens, Death, and Meaning",Brian Greene,https://lexfridman.com/brian-greene
231,https://lexfridman.com/files/thumbs_ai_podcast/alex_gladstein.png,"Bitcoin, Authoritarianism, and Human Rights",Alex Gladstein,https://lexfridman.com/alex-gladstein
230,https://lexfridman.com/files/thumbs_ai_podcast/kelsi_sheren.png,"War, Artillery, PTSD, and Love",Kelsi Sheren,https://lexfridman.com/kelsi-sheren
229,https://lexfridman.com/files/thumbs_ai_podcast/richard_wrangham.png,"Violence, Sex, and Fire in Human Evolution",Richard Wrangham,https://lexfridman.com/richard-wrangham
228,https://lexfridman.com/files/thumbs_ai_podcast/rza.png,"Wu-Tang Clan, Kung Fu, Chess, God, Life, and Death",RZA,https://lexfridman.com/rza
227,https://lexfridman.com/files/thumbs_ai_podcast/sean_kelly.png,"Existentialism, Nihilism, and the Search for Meaning",Sean Kelly,https://lexfridman.com/sean-kelly
226,https://lexfridman.com/files/thumbs_ai_podcast/jo_boaler.png,How to Learn Math,Jo Boaler,https://lexfridman.com/jo-boaler
225,https://lexfridman.com/files/thumbs_ai_podcast/jeffrey_shainline.png,Neuromorphic Computing and Optoelectronic Intelligence,Jeffrey Shainline,https://lexfridman.com/jeffrey-shainline
224,https://lexfridman.com/files/thumbs_ai_podcast/travis_oliphant.png,"NumPy, SciPy, Anaconda, Python & Scientific Programming",Travis Oliphant,https://lexfridman.com/travis-oliphant
223,https://lexfridman.com/files/thumbs_ai_podcast/travis_stevens.png,"Judo, Olympics, and Mental Toughness",Travis Stevens,https://lexfridman.com/travis-stevens
222,https://lexfridman.com/files/thumbs_ai_podcast/jay_mcclelland.png,Neural Networks and the Emergence of Cognition,Jay McClelland,https://lexfridman.com/jay-mcclelland
221,https://lexfridman.com/files/thumbs_ai_podcast/douglas_lenat.png,Cyc and the Quest to Solve Common Sense Reasoning in AI,Douglas Lenat,https://lexfridman.com/douglas-lenat
220,https://lexfridman.com/files/thumbs_ai_podcast/niels_jorgensen.png,New York Firefighters and the Heroes of 9/11,Niels Jorgensen,https://lexfridman.com/niels-jorgensen
219,https://lexfridman.com/files/thumbs_ai_podcast/donald_knuth_2.png,"Programming, Algorithms, Hard Problems & the Game of Life",Donald Knuth,https://lexfridman.com/donald-knuth-2
218,https://lexfridman.com/files/thumbs_ai_podcast/jaron_lanier.png,"Virtual Reality, Social Media & the Future of Humans and AI",Jaron Lanier,https://lexfridman.com/jaron-lanier
217,https://lexfridman.com/files/thumbs_ai_podcast/rodney_brooks.png,Robotics,Rodney Brooks,https://lexfridman.com/rodney-brooks
216,https://lexfridman.com/files/thumbs_ai_podcast/vincent_racaniello.png,Viruses and Vaccines,Vincent Racaniello,https://lexfridman.com/vincent-racaniello
215,https://lexfridman.com/files/thumbs_ai_podcast/wojciech_zaremba.png,"OpenAI Codex, GPT-3, Robotics, and the Future of AI",Wojciech Zaremba,https://lexfridman.com/wojciech-zaremba
214,https://lexfridman.com/files/thumbs_ai_podcast/jed_buchwald.png,Isaac Newton and the Philosophy of Science,Jed Buchwald,https://lexfridman.com/jed-buchwald
213,https://lexfridman.com/files/thumbs_ai_podcast/barry_barish.png,Gravitational Waves and the Most Precise Device Ever Built,Barry Barish,https://lexfridman.com/barry-barish
212,https://lexfridman.com/files/thumbs_ai_podcast/joscha_bach_2.png,"Nature of Reality, Dreams, and Consciousness",Joscha Bach,https://lexfridman.com/joscha-bach-2
211,https://lexfridman.com/files/thumbs_ai_podcast/brian_muraresku.png,The Secret History of Psychedelics,Brian Muraresku,https://lexfridman.com/brian-muraresku
210,https://lexfridman.com/files/thumbs_ai_podcast/matt_walker.png,Sleep,Matt Walker,https://lexfridman.com/matt-walker
209,https://lexfridman.com/files/thumbs_ai_podcast/luis_and_joao_batalha.png,Fermat's Library and the Art of Studying Papers,Luís and João Batalha,https://lexfridman.com/luis-and-joao-batalha
208,https://lexfridman.com/files/thumbs_ai_podcast/jeff_hawkins_2.png,The Thousand Brains Theory of Intelligence,Jeff Hawkins,https://lexfridman.com/jeff-hawkins-2
207,https://lexfridman.com/files/thumbs_ai_podcast/chris_duffin.png,The Mad Scientist of Strength,Chris Duffin,https://lexfridman.com/chris-duffin
206,https://lexfridman.com/files/thumbs_ai_podcast/ishan_misra.png,Self-Supervised Deep Learning in Computer Vision,Ishan Misra,https://lexfridman.com/ishan-misra
205,https://lexfridman.com/files/thumbs_ai_podcast/zach_bitter.png,Ultramarathon Running,Zach Bitter,https://lexfridman.com/zach-bitter
204,https://lexfridman.com/files/thumbs_ai_podcast/cumrun_vafa.png,String Theory,Cumrun Vafa,https://lexfridman.com/cumrun-vafa
203,https://lexfridman.com/files/thumbs_ai_podcast/anya_fernald.png,Regenerative Farming and the Art of Cooking Meat,Anya Fernald,https://lexfridman.com/anya-fernald
202,https://lexfridman.com/files/thumbs_ai_podcast/rick_doblin.png,Psychedelics,Rick Doblin,https://lexfridman.com/rick-doblin
201,https://lexfridman.com/files/thumbs_ai_podcast/konstantin_batygin.png,Planet 9 and the Edge of Our Solar System,Konstantin Batygin,https://lexfridman.com/konstantin-batygin
200,https://lexfridman.com/files/thumbs_ai_podcast/michael_malice_3.png,Totalitarianism and Anarchy,Michael Malice,https://lexfridman.com/michael-malice-3
199,https://lexfridman.com/files/thumbs_ai_podcast/roger_reaves.png,Smuggling Drugs for Pablo Escobar and the Medellin Cartel,Roger Reaves,https://lexfridman.com/roger-reaves
198,https://lexfridman.com/files/thumbs_ai_podcast/sara_walker.png,The Origin of Life on Earth and Alien Worlds,Sara Walker,https://lexfridman.com/sara-walker
197,https://lexfridman.com/files/thumbs_ai_podcast/jocko_willink.png,"War, Leadership, and Discipline",Jocko Willink,https://lexfridman.com/jocko-willink
196,https://lexfridman.com/files/thumbs_ai_podcast/yeonmi_park.png,North Korea,Yeonmi Park,https://lexfridman.com/yeonmi-park
195,https://lexfridman.com/files/thumbs_ai_podcast/clara_sousa_silva.png,Searching for Signs of Life on Venus and Other Planets,Clara Sousa-Silva,https://lexfridman.com/clara-sousa-silva
194,https://lexfridman.com/files/thumbs_ai_podcast/bret_weinstein.png,"Truth, Science, and Censorship in the Time of a Pandemic",Bret Weinstein,https://lexfridman.com/bret-weinstein
193,https://lexfridman.com/files/thumbs_ai_podcast/rob_reid.png,The Existential Threat of Engineered Viruses and Lab Leaks,Rob Reid,https://lexfridman.com/rob-reid
192,https://lexfridman.com/files/thumbs_ai_podcast/charles_hoskinson.png,Cardano,Charles Hoskinson,https://lexfridman.com/charles-hoskinson
191,https://lexfridman.com/files/thumbs_ai_podcast/daniel_schmachtenberger.png,Steering Civilization Away from Self-Destruction,Daniel Schmachtenberger,https://lexfridman.com/daniel-schmachtenberger
190,https://lexfridman.com/files/thumbs_ai_podcast/jordan_ellenberg.png,Mathematics of High-Dimensional Shapes and Geometries,Jordan Ellenberg,https://lexfridman.com/jordan-ellenberg
189,https://lexfridman.com/files/thumbs_ai_podcast/david_sinclair.png,Extending the Human Lifespan Beyond 100 Years,David Sinclair,https://lexfridman.com/david-sinclair
188,https://lexfridman.com/files/thumbs_ai_podcast/vitalik_buterin_2.png,Ethereum 2.0,Vitalik Buterin,https://lexfridman.com/vitalik-buterin-2
187,https://lexfridman.com/files/thumbs_ai_podcast/frank_wilczek.png,"Physics of Quarks, Dark Matter, Complexity, Life & Aliens",Frank Wilczek,https://lexfridman.com/frank-wilczek
186,https://lexfridman.com/files/thumbs_ai_podcast/bryan_johnson.png,Kernel Brain-Computer Interfaces,Bryan Johnson,https://lexfridman.com/bryan-johnson
185,https://lexfridman.com/files/thumbs_ai_podcast/sam_harris.png,"Consciousness, Free Will, Psychedelics, AI, UFOs, and Meaning",Sam Harris,https://lexfridman.com/sam-harris
184,https://lexfridman.com/files/thumbs_ai_podcast/katherine_de_kleer.png,"Planets, Moons, Asteroids & Life in Our Solar System",Katherine de Kleer,https://lexfridman.com/katherine-de-kleer
183,https://lexfridman.com/files/thumbs_ai_podcast/po_shen_loh.png,"Mathematics, Math Olympiad, Combinatorics & Contact Tracing",Po-Shen Loh,https://lexfridman.com/po-shen-loh
182,https://lexfridman.com/files/thumbs_ai_podcast/john_danaher.png,"The Path to Mastery in Jiu Jitsu, Grappling, Judo, and MMA",John Danaher,https://lexfridman.com/john-danaher
181,https://lexfridman.com/files/thumbs_ai_podcast/sergey_nazarov.png,"Chainlink, Smart Contracts, and Oracle Networks",Sergey Nazarov,https://lexfridman.com/sergey-nazarov
180,https://lexfridman.com/files/thumbs_ai_podcast/jeremi_suri.png,History of American Power,Jeremi Suri,https://lexfridman.com/jeremi-suri
179,https://lexfridman.com/files/thumbs_ai_podcast/georges_st_pierre.png,The Science of Fighting,Georges St-Pierre,https://lexfridman.com/georges-st-pierre
178,https://lexfridman.com/files/thumbs_ai_podcast/michael_malice_and_yaron_brook.png,"Ayn Rand, Human Nature, and Anarchy",Michael Malice and Yaron Brook,https://lexfridman.com/michael-malice-and-yaron-brook
177,https://lexfridman.com/files/thumbs_ai_podcast/risto_miikkulainen.png,Neuroevolution and Evolutionary Computation,Risto Miikkulainen,https://lexfridman.com/risto-miikkulainen
176,https://lexfridman.com/files/thumbs_ai_podcast/robert_breedlove.png,Philosophy of Bitcoin from First Principles,Robert Breedlove,https://lexfridman.com/robert-breedlove
175,https://lexfridman.com/files/thumbs_ai_podcast/yannis_pappas.png,History and Comedy,Yannis Pappas,https://lexfridman.com/yannis-pappas
174,https://lexfridman.com/files/thumbs_ai_podcast/tyler_cowen.png,Economic Growth & the Fight Against Conformity & Mediocrity,Tyler Cowen,https://lexfridman.com/tyler-cowen
173,https://lexfridman.com/files/thumbs_ai_podcast/nic_carter.png,"Bitcoin Core Values, Layered Scaling, and Blocksize Debates",Nic Carter,https://lexfridman.com/nic-carter
172,https://lexfridman.com/files/thumbs_ai_podcast/ryan_schiller.png,Librex and the Free Exchange of Ideas on College Campuses,Ryan Schiller,https://lexfridman.com/ryan-schiller
171,https://lexfridman.com/files/thumbs_ai_podcast/anthony_pompliano.png,Bitcoin,Anthony Pompliano,https://lexfridman.com/anthony-pompliano
170,https://lexfridman.com/files/thumbs_ai_podcast/ronald_sullivan.png,The Ideal of Justice in the Face of Controversy and Evil,Ronald Sullivan,https://lexfridman.com/ronald-sullivan
169,https://lexfridman.com/files/thumbs_ai_podcast/ryan_hall_2.png,Solving Martial Arts from First Principles,Ryan Hall,https://lexfridman.com/ryan-hall-2
168,https://lexfridman.com/files/thumbs_ai_podcast/silvio_micali.png,"Cryptocurrency, Blockchain, Algorand, Bitcoin & Ethereum",Silvio Micali,https://lexfridman.com/silvio-micali
167,https://lexfridman.com/files/thumbs_ai_podcast/saagar_enjeti.png,"Politics, History, and Power",Saagar Enjeti,https://lexfridman.com/saagar-enjeti
166,https://lexfridman.com/files/thumbs_ai_podcast/cal_newport.png,"Deep Work, Focus, Productivity, Email, and Social Media",Cal Newport,https://lexfridman.com/cal-newport
165,https://lexfridman.com/files/thumbs_ai_podcast/josh_barnett.png,"Philosophy of Violence, Power, and the Martial Arts",Josh Barnett,https://lexfridman.com/josh-barnett
164,https://lexfridman.com/files/thumbs_ai_podcast/andrew_huberman_2.png,"Sleep, Dreams, Creativity, Fasting, and Neuroplasticity",Andrew Huberman,https://lexfridman.com/andrew-huberman-2
163,https://lexfridman.com/files/thumbs_ai_podcast/eric_weinstein_4.png,"Difficult Conversations, Freedom of Speech, and Physics",Eric Weinstein,https://lexfridman.com/eric-weinstein-4
162,https://lexfridman.com/files/thumbs_ai_podcast/jim_keller_2.png,"The Future of Computing, AI, Life, and Consciousness",Jim Keller,https://lexfridman.com/jim-keller-2
161,https://lexfridman.com/files/thumbs_ai_podcast/jason_calacanis.png,"Startups, Angel Investing, Capitalism, and Friendship",Jason Calacanis,https://lexfridman.com/jason-calacanis
160,https://lexfridman.com/files/thumbs_ai_podcast/brendan_eich.png,"JavaScript, Firefox, Mozilla, and Brave",Brendan Eich,https://lexfridman.com/brendan-eich
159,https://lexfridman.com/files/thumbs_ai_podcast/richard_craib.png,"WallStreetBets, Numerai, and the Future of Stock Trading",Richard Craib,https://lexfridman.com/richard-craib
158,https://lexfridman.com/files/thumbs_ai_podcast/zev_weinstein.png,The Next Generation of Big Ideas and Brave Minds,Zev Weinstein,https://lexfridman.com/zev-weinstein
157,https://lexfridman.com/files/thumbs_ai_podcast/natalya_bailey.png,Rocket Engines and Electric Spacecraft Propulsion,Natalya Bailey,https://lexfridman.com/natalya-bailey
156,https://lexfridman.com/files/thumbs_ai_podcast/tim_dillon.png,"Comedy, Power, Conspiracy Theories, and Freedom",Tim Dillon,https://lexfridman.com/tim-dillon
155,https://lexfridman.com/files/thumbs_ai_podcast/max_tegmark_2.png,AI and Physics,Max Tegmark,https://lexfridman.com/max-tegmark-2
154,https://lexfridman.com/files/thumbs_ai_podcast/avi_loeb.png,"Aliens, Black Holes, and the Mystery of the Oumuamua",Avi Loeb,https://lexfridman.com/avi-loeb
153,https://lexfridman.com/files/thumbs_ai_podcast/dmitry_korkin_2.png,"Evolution of Proteins, Viruses, Life, and AI",Dmitry Korkin,https://lexfridman.com/dmitry-korkin-2
152,https://lexfridman.com/files/thumbs_ai_podcast/dan_gable.png,"Olympic Wrestling, Mental Toughness & the Making of Champions",Dan Gable,https://lexfridman.com/dan-gable
151,https://lexfridman.com/files/thumbs_ai_podcast/dan_kokotov.png,Speech Recognition with AI and Humans,Dan Kokotov,https://lexfridman.com/dan-kokotov
150,https://lexfridman.com/files/thumbs_ai_podcast/michael_malice_2.png,"Freedom, Hope, and Happiness Amidst Chaos",Michael Malice,https://lexfridman.com/michael-malice-2
149,https://lexfridman.com/files/thumbs_ai_podcast/diana_walsh_pasulka.png,"Aliens, Technology, Religion & the Nature of Belief",Diana Walsh Pasulka,https://lexfridman.com/diana-walsh-pasulka
148,https://lexfridman.com/files/thumbs_ai_podcast/charles_isbell_and_michael_littman.png,Machine Learning and Education,Charles Isbell and Michael Littman,https://lexfridman.com/charles-isbell-and-michael-littman
147,https://lexfridman.com/files/thumbs_ai_podcast/dmitri_dolgov.png,Waymo and the Future of Self-Driving Cars,Dmitri Dolgov,https://lexfridman.com/dmitri-dolgov
146,https://lexfridman.com/files/thumbs_ai_podcast/michael_mina.png,"Rapid Testing, Viruses, and the Engineering Mindset",Michael Mina,https://lexfridman.com/michael-mina
145,https://lexfridman.com/files/thumbs_ai_podcast/matthew_johnson.png,Psychedelics,Matthew Johnson,https://lexfridman.com/matthew-johnson
144,https://lexfridman.com/files/thumbs_ai_podcast/michael_littman.png,Reinforcement Learning and the Future of AI,Michael Littman,https://lexfridman.com/michael-littman
143,https://lexfridman.com/files/thumbs_ai_podcast/john_clarke.png,The Art of Fighting and the Pursuit of Excellence,John Clarke,https://lexfridman.com/john-clarke
142,https://lexfridman.com/files/thumbs_ai_podcast/manolis_kellis_4.png,"Meaning of Life, the Universe, and Everything",Manolis Kellis,https://lexfridman.com/manolis-kellis-4
141,https://lexfridman.com/files/thumbs_ai_podcast/erik_brynjolfsson.png,"Economics of AI, Social Networks, and Technology",Erik Brynjolfsson,https://lexfridman.com/erik-brynjolfsson
140,https://lexfridman.com/files/thumbs_ai_podcast/lisa_feldman_barrett_2.png,"Love, Evolution, and the Human Brain",Lisa Feldman Barrett,https://lexfridman.com/lisa-feldman-barrett-2
139,https://lexfridman.com/files/thumbs_ai_podcast/andrew_huberman.png,Neuroscience of Optimal Performance,Andrew Huberman,https://lexfridman.com/andrew-huberman
138,https://lexfridman.com/files/thumbs_ai_podcast/yaron_brook.png,Ayn Rand and the Philosophy of Objectivism,Yaron Brook,https://lexfridman.com/yaron-brook
137,https://lexfridman.com/files/thumbs_ai_podcast/alex_filippenko.png,"Supernovae, Dark Energy, Aliens & the Expanding Universe",Alex Filippenko,https://lexfridman.com/alex-filippenko
136,https://lexfridman.com/files/thumbs_ai_podcast/dan_carlin.png,Hardcore History,Dan Carlin,https://lexfridman.com/dan-carlin
135,https://lexfridman.com/files/thumbs_ai_podcast/charles_isbell.png,"Computing, Interactive AI, and Race in America",Charles Isbell,https://lexfridman.com/charles-isbell
134,https://lexfridman.com/files/thumbs_ai_podcast/eric_weinstein_3.png,"On the Nature of Good and Evil, Genius and Madness",Eric Weinstein,https://lexfridman.com/eric-weinstein-3
133,https://lexfridman.com/files/thumbs_ai_podcast/manolis_kellis_3.png,Biology of Disease,Manolis Kellis,https://lexfridman.com/manolis-kellis-3
132,https://lexfridman.com/files/thumbs_ai_podcast/george_hotz_2.png,Hacking the Simulation & Learning to Drive with Neural Nets,George Hotz,https://lexfridman.com/george-hotz-2
131,https://lexfridman.com/files/thumbs_ai_podcast/chris_lattner_2.png,The Future of Computing and Programming Languages,Chris Lattner,https://lexfridman.com/chris-lattner-2
130,https://lexfridman.com/files/thumbs_ai_podcast/scott_aaronson_2.png,Computational Complexity and Consciousness,Scott Aaronson,https://lexfridman.com/scott-aaronson-2
129,https://lexfridman.com/files/thumbs_ai_podcast/lisa_feldman_barrett.png,Counterintuitive Ideas About How the Brain Works,Lisa Feldman Barrett,https://lexfridman.com/lisa-feldman-barrett
128,https://lexfridman.com/files/thumbs_ai_podcast/michael_malice.png,"Anarchy, Democracy, Libertarianism, Love, and Trolling",Michael Malice,https://lexfridman.com/michael-malice
127,https://lexfridman.com/files/thumbs_ai_podcast/joe_rogan.png,"Fear, Love, Chaos, and the Joe Rogan Experience",Joe Rogan,https://lexfridman.com/joe-rogan
126,https://lexfridman.com/files/thumbs_ai_podcast/james_gosling.png,"Java, JVM, Emacs, and the Early Days of Computing",James Gosling,https://lexfridman.com/james-gosling
125,https://lexfridman.com/files/thumbs_ai_podcast/ryan_hall.png,"Martial Arts and the Philosophy of Violence, Power, and Grace",Ryan Hall,https://lexfridman.com/ryan-hall
124,https://lexfridman.com/files/thumbs_ai_podcast/stephen_wolfram_2.png,"Fundamental Theory of Physics, Life, and the Universe",Stephen Wolfram,https://lexfridman.com/stephen-wolfram-2
123,https://lexfridman.com/files/thumbs_ai_podcast/manolis_kellis_2.png,"Origin of Life, Humans, Ideas, Suffering, and Happiness",Manolis Kellis,https://lexfridman.com/manolis-kellis-2
122,https://lexfridman.com/files/thumbs_ai_podcast/david_fravor.png,"UFOs, Aliens, Fighter Jets, and Aerospace Engineering",David Fravor,https://lexfridman.com/david-fravor
121,https://lexfridman.com/files/thumbs_ai_podcast/eugenia_kuyda.png,Friendship with an AI Companion,Eugenia Kuyda,https://lexfridman.com/eugenia-kuyda
120,https://lexfridman.com/files/thumbs_ai_podcast/francois_chollet_2.png,Measures of Intelligence,François Chollet,https://lexfridman.com/francois-chollet-2
119,https://lexfridman.com/files/thumbs_ai_podcast/david_eagleman.png,Neuroplasticity and the Livewired Brain,David Eagleman,https://lexfridman.com/david-eagleman
118,https://lexfridman.com/files/thumbs_ai_podcast/grant_sanderson_2.png,"Math, Manim, Neural Networks & Teaching with 3Blue1Brown",Grant Sanderson,https://lexfridman.com/grant-sanderson-2
117,https://lexfridman.com/files/thumbs_ai_podcast/sheldon_solomon.png,Death and Meaning,Sheldon Solomon,https://lexfridman.com/sheldon-solomon
116,https://lexfridman.com/files/thumbs_ai_podcast/sara_seager.png,Search for Planets and Life Outside Our Solar System,Sara Seager,https://lexfridman.com/sara-seager
115,https://lexfridman.com/files/thumbs_ai_podcast/dileep_george.png,Brain-Inspired AI,Dileep George,https://lexfridman.com/dileep-george
114,https://lexfridman.com/files/thumbs_ai_podcast/russ_tedrake.png,"Underactuated Robotics, Control, Dynamics and Touch",Russ Tedrake,https://lexfridman.com/russ-tedrake
113,https://lexfridman.com/files/thumbs_ai_podcast/manolis_kellis.png,Human Genome and Evolutionary Dynamics,Manolis Kellis,https://lexfridman.com/manolis-kellis
112,https://lexfridman.com/files/thumbs_ai_podcast/ian_hutchinson.png,"Nuclear Fusion, Plasma Physics, and Religion",Ian Hutchinson,https://lexfridman.com/ian-hutchinson
111,https://lexfridman.com/files/thumbs_ai_podcast/richard_karp.png,Algorithms and Computational Complexity,Richard Karp,https://lexfridman.com/richard-karp
110,https://lexfridman.com/files/thumbs_ai_podcast/jitendra_malik.png,Computer Vision,Jitendra Malik,https://lexfridman.com/jitendra-malik
109,https://lexfridman.com/files/thumbs_ai_podcast/brian_kernighan.png,"UNIX, C, AWK, AMPL, and Go Programming",Brian Kernighan,https://lexfridman.com/brian-kernighan
108,https://lexfridman.com/files/thumbs_ai_podcast/sergey_levine.png,Robotics and Machine Learning,Sergey Levine,https://lexfridman.com/sergey-levine
107,https://lexfridman.com/files/thumbs_ai_podcast/peter_singer.png,"Suffering in Humans, Animals, and AI",Peter Singer,https://lexfridman.com/peter-singer
106,https://lexfridman.com/files/thumbs_ai_podcast/matt_botvinick.png,"Neuroscience, Psychology, and AI at DeepMind",Matt Botvinick,https://lexfridman.com/matt-botvinick
105,https://lexfridman.com/files/thumbs_ai_podcast/robert_langer.png,Edison of Medicine,Robert Langer,https://lexfridman.com/robert-langer
104,https://lexfridman.com/files/thumbs_ai_podcast/david_patterson.png,Computer Architecture and Data Storage,David Patterson,https://lexfridman.com/david-patterson
103,https://lexfridman.com/files/thumbs_ai_podcast/ben_goertzel.png,Artificial General Intelligence,Ben Goertzel,https://lexfridman.com/ben-goertzel
102,https://lexfridman.com/files/thumbs_ai_podcast/steven_pressfield.png,The War of Art,Steven Pressfield,https://lexfridman.com/steven-pressfield
101,https://lexfridman.com/files/thumbs_ai_podcast/joscha_bach.png,Artificial Consciousness and the Nature of Reality,Joscha Bach,https://lexfridman.com/joscha-bach
100,,,,
99,https://lexfridman.com/files/thumbs_ai_podcast/karl_friston.png,Neuroscience and the Free Energy Principle,Karl Friston,https://lexfridman.com/karl-friston
98,https://lexfridman.com/files/thumbs_ai_podcast/kate_darling.png,Social Robotics,Kate Darling,https://lexfridman.com/kate-darling
97,https://lexfridman.com/files/thumbs_ai_podcast/sertac_karaman.png,Robots That Fly and Robots That Drive,Sertac Karaman,https://lexfridman.com/sertac-karaman
96,https://lexfridman.com/files/thumbs_ai_podcast/stephen_schwarzman.png,"Going Big in Business, Investing, and AI",Stephen Schwarzman,https://lexfridman.com/stephen-schwarzman
95,https://lexfridman.com/files/thumbs_ai_podcast/dawn_song.png,Adversarial Machine Learning and Computer Security,Dawn Song,https://lexfridman.com/dawn-song
94,https://lexfridman.com/files/thumbs_ai_podcast/ilya_sutskever.png,Deep Learning,Ilya Sutskever,https://lexfridman.com/ilya-sutskever
93,https://lexfridman.com/files/thumbs_ai_podcast/daphne_koller.png,Biomedicine and Machine Learning,Daphne Koller,https://lexfridman.com/daphne-koller
92,https://lexfridman.com/files/thumbs_ai_podcast/harry_cliff.png,Particle Physics and the Large Hadron Collider,Harry Cliff,https://lexfridman.com/harry-cliff
91,https://lexfridman.com/files/thumbs_ai_podcast/jack_dorsey.png,"Square, Cryptocurrency, and Artificial Intelligence",Jack Dorsey,https://lexfridman.com/jack-dorsey
90,https://lexfridman.com/files/thumbs_ai_podcast/dmitry_korkin.png,Computational Biology of Coronavirus,Dmitry Korkin,https://lexfridman.com/dmitry-korkin
89,https://lexfridman.com/files/thumbs_ai_podcast/stephen_wolfram.png,"Cellular Automata, Computation, and Physics",Stephen Wolfram,https://lexfridman.com/stephen-wolfram
88,https://lexfridman.com/files/thumbs_ai_podcast/eric_weinstein_2.png,Geometric Unity and the Call for New Ideas & Institutions,Eric Weinstein,https://lexfridman.com/eric-weinstein-2
87,https://lexfridman.com/files/thumbs_ai_podcast/richard_dawkins.png,"Evolution, Intelligence, Simulation, and Memes",Richard Dawkins,https://lexfridman.com/richard-dawkins
86,https://lexfridman.com/files/thumbs_ai_podcast/david_silver.png,"AlphaGo, AlphaZero, and Deep Reinforcement Learning",David Silver,https://lexfridman.com/david-silver
85,https://lexfridman.com/files/thumbs_ai_podcast/roger_penrose.png,Physics of Consciousness and the Infinite Universe,Roger Penrose,https://lexfridman.com/roger-penrose
84,https://lexfridman.com/files/thumbs_ai_podcast/william_macaskill.png,Effective Altruism,William MacAskill,https://lexfridman.com/william-macaskill
83,https://lexfridman.com/files/thumbs_ai_podcast/nick_bostrom.png,Simulation and Superintelligence,Nick Bostrom,https://lexfridman.com/nick-bostrom
82,https://lexfridman.com/files/thumbs_ai_podcast/simon_sinek.png,"Leadership, Hard Work, Optimism and the Infinite Game",Simon Sinek,https://lexfridman.com/simon-sinek
81,https://lexfridman.com/files/thumbs_ai_podcast/anca_dragan.png,Human-Robot Interaction and Reward Engineering,Anca Dragan,https://lexfridman.com/anca-dragan
80,https://lexfridman.com/files/thumbs_ai_podcast/vitalik_buterin.png,"Ethereum, Cryptocurrency, and the Future of Money",Vitalik Buterin,https://lexfridman.com/vitalik-buterin
79,https://lexfridman.com/files/thumbs_ai_podcast/lee_smolin.png,Quantum Gravity and Einstein's Unfinished Revolution,Lee Smolin,https://lexfridman.com/lee-smolin
78,https://lexfridman.com/files/thumbs_ai_podcast/ann_druyan.png,"Cosmos, Carl Sagan, Voyager, and the Beauty of Science",Ann Druyan,https://lexfridman.com/ann-druyan
77,https://lexfridman.com/files/thumbs_ai_podcast/alex_garland.png,"Ex Machina, Devs, Annihilation, and the Poetry of Science",Alex Garland,https://lexfridman.com/alex-garland
76,https://lexfridman.com/files/thumbs_ai_podcast/john_hopfield.png,Physics View of the Mind and Neurobiology,John Hopfield,https://lexfridman.com/john-hopfield
75,https://lexfridman.com/files/thumbs_ai_podcast/marcus_hutter.png,"Universal Artificial Intelligence, AIXI, and AGI",Marcus Hutter,https://lexfridman.com/marcus-hutter
74,https://lexfridman.com/files/thumbs_ai_podcast/michael_i_jordan.png,"Machine Learning, Recommender Systems, and Future of AI",Michael I. Jordan,https://lexfridman.com/michael-i-jordan
73,https://lexfridman.com/files/thumbs_ai_podcast/andrew_ng.png,"Deep Learning, Education, and Real-World AI",Andrew Ng,https://lexfridman.com/andrew-ng
72,https://lexfridman.com/files/thumbs_ai_podcast/scott_aaronson.png,Quantum Computing,Scott Aaronson,https://lexfridman.com/scott-aaronson
71,https://lexfridman.com/files/thumbs_ai_podcast/vladimir_vapnik_2.png,"Predicates, Invariants, and the Essence of Intelligence",Vladimir Vapnik,https://lexfridman.com/vladimir-vapnik-2
70,https://lexfridman.com/files/thumbs_ai_podcast/jim_keller.png,"Moore's Law, Microprocessors, and First Principles",Jim Keller,https://lexfridman.com/jim-keller
69,https://lexfridman.com/files/thumbs_ai_podcast/david_chalmers.png,The Hard Problem of Consciousness,David Chalmers,https://lexfridman.com/david-chalmers
68,https://lexfridman.com/files/thumbs_ai_podcast/cristos_goodrow.png,YouTube Algorithm,Cristos Goodrow,https://lexfridman.com/cristos-goodrow
67,https://lexfridman.com/files/thumbs_ai_podcast/paul_krugman.png,"Economics of Innovation, Automation, Safety Nets & UBI",Paul Krugman,https://lexfridman.com/paul-krugman
66,https://lexfridman.com/files/thumbs_ai_podcast/ayanna_howard.png,Human-Robot Interaction & Ethics of Safety-Critical Systems,Ayanna Howard,https://lexfridman.com/ayanna-howard
65,https://lexfridman.com/files/thumbs_ai_podcast/daniel_kahneman.png,"Thinking Fast and Slow, Deep Learning, and AI",Daniel Kahneman,https://lexfridman.com/daniel-kahneman
64,https://lexfridman.com/files/thumbs_ai_podcast/grant_sanderson.png,3Blue1Brown and the Beauty of Mathematics,Grant Sanderson,https://lexfridman.com/grant-sanderson
63,https://lexfridman.com/files/thumbs_ai_podcast/stephen_kotkin.png,"Stalin, Putin, and the Nature of Power",Stephen Kotkin,https://lexfridman.com/stephen-kotkin
62,https://lexfridman.com/files/thumbs_ai_podcast/donald_knuth.png,"Algorithms, Complexity, and The Art of Computer Programming",Donald Knuth,https://lexfridman.com/donald-knuth
61,https://lexfridman.com/files/thumbs_ai_podcast/melanie_mitchell.png,"Concepts, Analogies, Common Sense & Future of AI",Melanie Mitchell,https://lexfridman.com/melanie-mitchell
60,https://lexfridman.com/files/thumbs_ai_podcast/jim_gates.png,"Supersymmetry, String Theory and Proving Einstein Right",Jim Gates,https://lexfridman.com/jim-gates
59,https://lexfridman.com/files/thumbs_ai_podcast/sebastian_thrun.png,"Flying Cars, Autonomous Vehicles, and Education",Sebastian Thrun,https://lexfridman.com/sebastian-thrun
58,https://lexfridman.com/files/thumbs_ai_podcast/michael_stevens.png,Vsauce,Michael Stevens,https://lexfridman.com/michael-stevens
57,https://lexfridman.com/files/thumbs_ai_podcast/rohit_prasad.png,Amazon Alexa and Conversational AI,Rohit Prasad,https://lexfridman.com/rohit-prasad
56,https://lexfridman.com/files/thumbs_ai_podcast/judea_pearl.png,"Causal Reasoning, Counterfactuals, and the Path to AGI",Judea Pearl,https://lexfridman.com/judea-pearl
55,https://lexfridman.com/files/thumbs_ai_podcast/whitney_cummings.png,"Comedy, Robotics, Neurology, and Love",Whitney Cummings,https://lexfridman.com/whitney-cummings
54,https://lexfridman.com/files/thumbs_ai_podcast/ray_dalio.png,"Principles, the Economic Machine, AI & the Arc of Life",Ray Dalio,https://lexfridman.com/ray-dalio
53,https://lexfridman.com/files/thumbs_ai_podcast/noam_chomsky.png,"Language, Cognition, and Deep Learning",Noam Chomsky,https://lexfridman.com/noam-chomsky
52,https://lexfridman.com/files/thumbs_ai_podcast/gilbert_strang.png,"Linear Algebra, Teaching, and MIT OpenCourseWare",Gilbert Strang,https://lexfridman.com/gilbert-strang
51,https://lexfridman.com/files/thumbs_ai_podcast/dava_newman.png,"Space Exploration, Space Suits, and Life on Mars",Dava Newman,https://lexfridman.com/dava-newman
50,https://lexfridman.com/files/thumbs_ai_podcast/michael_kearns.png,"Algorithmic Fairness, Privacy & Ethics",Michael Kearns,https://lexfridman.com/michael-kearns
49,https://lexfridman.com/files/thumbs_ai_podcast/elon_musk_2.png,"Neuralink, AI, Autopilot, and the Pale Blue Dot",Elon Musk,https://lexfridman.com/elon-musk-2
48,https://lexfridman.com/files/thumbs_ai_podcast/bjarne_stroustrup.png,C++,Bjarne Stroustrup,https://lexfridman.com/bjarne-stroustrup
47,https://lexfridman.com/files/thumbs_ai_podcast/sean_carroll_2.png,Quantum Mechanics and the Many-Worlds Interpretation,Sean Carroll,https://lexfridman.com/sean-carroll-2
46,https://lexfridman.com/files/thumbs_ai_podcast/garry_kasparov.png,"Chess, Deep Blue, AI, and Putin",Garry Kasparov,https://lexfridman.com/garry-kasparov
45,https://lexfridman.com/files/thumbs_ai_podcast/michio_kaku.png,"Future of Humans, Aliens, Space Travel & Physics",Michio Kaku,https://lexfridman.com/michio-kaku
44,https://lexfridman.com/files/thumbs_ai_podcast/david_ferrucci.png,"IBM Watson, Jeopardy & Deep Conversations with AI",David Ferrucci,https://lexfridman.com/david-ferrucci
43,https://lexfridman.com/files/thumbs_ai_podcast/gary_marcus.png,Toward a Hybrid of Deep Learning and Symbolic AI,Gary Marcus,https://lexfridman.com/gary-marcus
42,https://lexfridman.com/files/thumbs_ai_podcast/peter_norvig.png,Artificial Intelligence: A Modern Approach,Peter Norvig,https://lexfridman.com/peter-norvig
41,https://lexfridman.com/files/thumbs_ai_podcast/leonard_susskind.png,"Quantum Mechanics, String Theory and Black Holes",Leonard Susskind,https://lexfridman.com/leonard-susskind
40,https://lexfridman.com/files/thumbs_ai_podcast/regina_barzilay.png,Deep Learning for Cancer Diagnosis and Treatment,Regina Barzilay,https://lexfridman.com/regina-barzilay
39,https://lexfridman.com/files/thumbs_ai_podcast/colin_angle.png,iRobot CEO,Colin Angle,https://lexfridman.com/colin-angle
38,https://lexfridman.com/files/thumbs_ai_podcast/francois_chollet.png,"Keras, Deep Learning, and the Progress of AI",Francois Chollet,https://lexfridman.com/francois-chollet
37,https://lexfridman.com/files/thumbs_ai_podcast/vijay_kumar.png,Flying Robots,Vijay Kumar,https://lexfridman.com/vijay-kumar
36,https://lexfridman.com/files/thumbs_ai_podcast/yann_lecun.png,"Deep Learning, ConvNets, and Self-Supervised Learning",Yann LeCun,https://lexfridman.com/yann-lecun
35,https://lexfridman.com/files/thumbs_ai_podcast/jeremy_howard.png,fast.ai Deep Learning Courses and Research,Jeremy Howard,https://lexfridman.com/jeremy-howard
34,https://lexfridman.com/files/thumbs_ai_podcast/pamela_mccorduck.png,Machines Who Think and the Early Days of AI,Pamela McCorduck,https://lexfridman.com/pamela-mccorduck
33,https://lexfridman.com/files/thumbs_ai_podcast/keoki_jackson.png,Lockheed Martin,Keoki Jackson,https://lexfridman.com/keoki-jackson
32,https://lexfridman.com/files/thumbs_ai_podcast/paola_arlotta.png,Brain Development from Stem Cell to Organoid,Paola Arlotta,https://lexfridman.com/paola-arlotta
31,https://lexfridman.com/files/thumbs_ai_podcast/george_hotz.png,"Comma.ai, OpenPilot, and Autonomous Vehicles",George Hotz,https://lexfridman.com/george-hotz
30,https://lexfridman.com/files/thumbs_ai_podcast/kevin_scott.png,Microsoft CTO,Kevin Scott,https://lexfridman.com/kevin-scott
29,https://lexfridman.com/files/thumbs_ai_podcast/gustav_soderstrom.png,Spotify,Gustav Soderstrom,https://lexfridman.com/gustav-soderstrom
28,https://lexfridman.com/files/thumbs_ai_podcast/chris_urmson.png,"Self-Driving Cars at Aurora, Google, CMU, and DARPA",Chris Urmson,https://lexfridman.com/chris-urmson
27,https://lexfridman.com/files/thumbs_ai_podcast/kai_fu_lee.png,AI Superpowers - China and Silicon Valley,Kai-Fu Lee,https://lexfridman.com/kai-fu-lee
26,https://lexfridman.com/files/thumbs_ai_podcast/sean_carroll.png,"The Nature of the Universe, Life, and Intelligence",Sean Carroll,https://lexfridman.com/sean-carroll
25,https://lexfridman.com/files/thumbs_ai_podcast/jeff_hawkins.png,Thousand Brains Theory of Intelligence,Jeff Hawkins,https://lexfridman.com/jeff-hawkins
24,https://lexfridman.com/files/thumbs_ai_podcast/rosalind_picard.png,"Affective Computing, Emotion, Privacy, and Health",Rosalind Picard,https://lexfridman.com/rosalind-picard
23,https://lexfridman.com/files/thumbs_ai_podcast/gavin_miller.png,Adobe Research,Gavin Miller,https://lexfridman.com/gavin-miller
22,https://lexfridman.com/files/thumbs_ai_podcast/rajat_monga.png,TensorFlow,Rajat Monga,https://lexfridman.com/rajat-monga
21,https://lexfridman.com/files/thumbs_ai_podcast/chris_lattner.png,"Compilers, LLVM, Swift, TPU, and ML Accelerators",Chris Lattner,https://lexfridman.com/chris-lattner
20,https://lexfridman.com/files/thumbs_ai_podcast/oriol_vinyals.png,"DeepMind AlphaStar, StarCraft, and Language",Oriol Vinyals,https://lexfridman.com/oriol-vinyals
19,https://lexfridman.com/files/thumbs_ai_podcast/ian_goodfellow.png,Generative Adversarial Networks (GANs),Ian Goodfellow,https://lexfridman.com/ian-goodfellow
18,https://lexfridman.com/files/thumbs_ai_podcast/elon_musk.png,Tesla Autopilot,Elon Musk,https://lexfridman.com/elon-musk
17,https://lexfridman.com/files/thumbs_ai_podcast/greg_brockman.png,OpenAI and AGI,Greg Brockman,https://lexfridman.com/greg-brockman
16,https://lexfridman.com/files/thumbs_ai_podcast/eric_weinstein.png,"Revolutionary Ideas in Science, Math, and Society",Eric Weinstein,https://lexfridman.com/eric-weinstein
15,https://lexfridman.com/files/thumbs_ai_podcast/leslie_kaelbling.png,"Reinforcement Learning, Planning, and Robotics",Leslie Kaelbling,https://lexfridman.com/leslie-kaelbling
14,https://lexfridman.com/files/thumbs_ai_podcast/kyle_vogt.png,Cruise Automation,Kyle Vogt,https://lexfridman.com/kyle-vogt
13,https://lexfridman.com/files/thumbs_ai_podcast/tomaso_poggio.png,"Brains, Minds, and Machines",Tomaso Poggio,https://lexfridman.com/tomaso-poggio
12,https://lexfridman.com/files/thumbs_ai_podcast/tuomas_sandholm.png,Poker and Game Theory,Tuomas Sandholm,https://lexfridman.com/tuomas-sandholm
11,https://lexfridman.com/files/thumbs_ai_podcast/juergen_schmidhuber.png,"Godel Machines, Meta-Learning, and LSTMs",Juergen Schmidhuber,https://lexfridman.com/juergen-schmidhuber
10,https://lexfridman.com/files/thumbs_ai_podcast/pieter_abbeel.png,Deep Reinforcement Learning,Pieter Abbeel,https://lexfridman.com/pieter-abbeel
9,https://lexfridman.com/files/thumbs_ai_podcast/stuart_russell.png,Long-Term Future of Artificial Intelligence,Stuart Russell,https://lexfridman.com/stuart-russell
8,https://lexfridman.com/files/thumbs_ai_podcast/eric_schmidt.png,Google,Eric Schmidt,https://lexfridman.com/eric-schmidt
7,https://lexfridman.com/files/thumbs_ai_podcast/jeff_atwood.png,Stack Overflow and Coding Horror,Jeff Atwood,https://lexfridman.com/jeff-atwood
6,https://lexfridman.com/files/thumbs_ai_podcast/guido_van_rossum.png,Python,Guido van Rossum,https://lexfridman.com/guido-van-rossum
5,https://lexfridman.com/files/thumbs_ai_podcast/vladimir_vapnik.png,Statistical Learning,Vladimir Vapnik,https://lexfridman.com/vladimir-vapnik
4,https://lexfridman.com/files/thumbs_ai_podcast/yoshua_bengio.png,Deep Learning,Yoshua Bengio,https://lexfridman.com/yoshua-bengio
3,https://lexfridman.com/files/thumbs_ai_podcast/steven_pinker.png,AI in the Age of Reason,Steven Pinker,https://lexfridman.com/steven-pinker
2,https://lexfridman.com/files/thumbs_ai_podcast/christof_koch.png,Consciousness,Christof Koch,https://lexfridman.com/christof-koch
1,https://lexfridman.com/files/thumbs_ai_podcast/max_tegmark.png,Life 3.0,Max Tegmark,https://lexfridman.com/max-tegmark